Ticker,Mes,Precio_Inicial,Precio_Final,Rendimiento,Inflacion_Mensual,Le_Gano_A_Inflacion,Rendimiento_Acumulado_2024,Inflacion_Acumulada_2024
AAPL,2024-01-01,18366.52569,22863.278700000003,24.48,20.6,True,46.54,119.83
AAPL,2024-02-01,23751.791,19254.70118,-18.93,13.2,False,46.54,119.83
AAPL,2024-03-01,19464.3271,18505.7565,-4.92,11.0,False,46.54,119.83
AAPL,2024-04-01,18349.4157,18487.80545,0.75,8.8,False,46.54,119.83
AAPL,2024-05-01,18375.3346,23870.629120000005,29.91,4.2,True,46.54,119.83
AAPL,2024-06-01,25058.03811,28303.07711999999,12.95,4.6,True,46.54,119.83
AAPL,2024-07-01,30468.097240000003,28401.3882,-6.78,3.9,False,46.54,119.83
AAPL,2024-08-01,28302.88416,29638.8442,4.72,3.6,True,46.54,119.83
AAPL,2024-09-01,28923.0771,28877.15532,-0.16,3.4,False,46.54,119.83
AAPL,2024-10-01,28094.99628,26067.54528,-7.22,3.3,False,46.54,119.83
AAPL,2024-11-01,26138.92562,26278.93944,0.54,3.2,False,46.54,119.83
AAPL,2024-12-01,26277.23742,29861.97187,13.64,3.1,True,46.54,119.83
AMZN,2024-01-01,1037.6509534722222,1346.0905555555555,29.72,20.6,True,32.72,119.83
AMZN,2024-02-01,1416.286788888889,1315.5485749999998,-7.11,13.2,False,32.72,119.83
AMZN,2024-03-01,1348.9645069444443,1359.990041666667,0.82,11.0,False,32.72,119.83
AMZN,2024-04-01,1364.4383958333335,1327.0225694444443,-2.74,8.8,False,32.72,119.83
AMZN,2024-05-01,1357.354513888889,1528.4360055555558,12.6,4.2,True,32.72,119.83
AMZN,2024-06-01,1606.8805541666668,1811.826111111111,12.75,4.6,True,32.72,119.83
AMZN,2024-07-01,1934.0116111111108,1668.3290499999998,-13.74,3.9,False,32.72,119.83
AMZN,2024-08-01,1664.6063666666666,1609.983229166667,-3.28,3.6,False,32.72,119.83
AMZN,2024-09-01,1594.6953125000002,1609.3477375,0.92,3.4,False,32.72,119.83
AMZN,2024-10-01,1602.3258625,1498.889,-6.46,3.3,False,32.72,119.83
AMZN,2024-11-01,1617.445473611111,1602.3987958333337,-0.93,3.2,False,32.72,119.83
AMZN,2024-12-01,1608.7415847222223,1824.080618055556,13.39,3.1,True,32.72,119.83
AVGO,2024-01-01,5307.94486,7232.044975,36.25,20.6,True,143.9,119.83
AVGO,2024-02-01,7539.753170000001,6839.244994999999,-9.29,13.2,False,143.9,119.83
AVGO,2024-03-01,7483.5967,7091.24955,-5.24,11.0,False,143.9,119.83
AVGO,2024-04-01,7224.2478,6996.669625,-3.15,8.8,False,143.9,119.83
AVGO,2024-05-01,6688.19375,8166.858740000001,22.11,4.2,True,143.9,119.83
AVGO,2024-06-01,8452.368315,10715.58496,26.78,4.6,True,143.9,119.83
AVGO,2024-07-01,11455.54699,10206.12654,-10.91,3.9,False,143.9,119.83
AVGO,2024-08-01,9464.68032,10454.771095,10.46,3.6,True,143.9,119.83
AVGO,2024-09-01,9841.45515,10641.43944,8.13,3.4,True,143.9,119.83
AVGO,2024-10-01,10352.72321,9750.43377,-5.82,3.3,False,143.9,119.83
AVGO,2024-11-01,9859.31609,8922.80766,-9.5,3.2,False,143.9,119.83
AVGO,2024-12-01,9080.10978,13906.07188,53.15,3.1,True,143.9,119.83
BRK-B,2024-01-01,18061.56303,23963.60365,32.68,20.6,True,31.14,119.83
BRK-B,2024-02-01,24740.275240000003,21938.3131,-11.33,13.2,False,31.14,119.83
BRK-B,2024-03-01,22186.477225,22827.9282,2.89,11.0,False,31.14,119.83
BRK-B,2024-04-01,22810.557,21660.466175,-5.04,8.8,False,31.14,119.83
BRK-B,2024-05-01,21761.47155,25846.5424,18.77,4.2,True,31.14,119.83
BRK-B,2024-06-01,26908.879065000005,27460.6272,2.05,4.6,False,31.14,119.83
BRK-B,2024-07-01,28611.68147,28170.117,-1.54,3.9,False,31.14,119.83
BRK-B,2024-08-01,28116.01272,30906.482760000003,9.92,3.6,True,31.14,119.83
BRK-B,2024-09-01,31063.09035,28622.18862,-7.86,3.4,False,31.14,119.83
BRK-B,2024-10-01,28504.41897,26106.91524,-8.41,3.3,False,31.14,119.83
BRK-B,2024-11-01,26602.56118,26806.16094,0.77,3.2,False,31.14,119.83
BRK-B,2024-12-01,26239.307430000004,26834.113440000005,2.27,3.1,False,31.14,119.83
COIN,2024-01-01,15634.817679999998,16011.539,2.41,20.6,False,84.57,119.83
COIN,2024-02-01,16511.0159,21816.13588,32.13,13.2,True,84.57,119.83
COIN,2024-03-01,22427.90115,28784.07840000001,28.34,11.0,True,84.57,119.83
COIN,2024-04-01,27371.582700000006,22268.13635,-18.65,8.8,False,84.57,119.83
COIN,2024-05-01,22940.777550000003,28181.71264,22.85,4.2,True,84.57,119.83
COIN,2024-06-01,30022.15833,30002.82783999999,-0.06,4.6,False,84.57,119.83
COIN,2024-07-01,32957.91162,28826.67024,-12.53,3.9,False,84.57,119.83
COIN,2024-08-01,27690.83136,23814.98016,-14.0,3.6,False,84.57,119.83
COIN,2024-09-01,22035.9477,22159.715579999996,0.56,3.4,False,84.57,119.83
COIN,2024-10-01,20565.85634,20756.0745,0.92,3.3,False,84.57,119.83
COIN,2024-11-01,21520.22112,32876.4228,52.77,3.2,True,84.57,119.83
COIN,2024-12-01,33246.4608,30333.18308,-8.76,3.1,False,84.57,119.83
DIA,2024-01-01,122207.64023333334,154978.04233333332,26.82,20.6,True,20.05,119.83
DIA,2024-02-01,160436.62600000002,136195.44840000002,-15.11,13.2,False,20.05,119.83
DIA,2024-03-01,138994.05716666667,141068.62000000002,1.49,11.0,False,20.05,119.83
DIA,2024-04-01,140207.298,134950.46066666665,-3.75,8.8,False,20.05,119.83
DIA,2024-05-01,135223.44816666667,158231.06893333336,17.01,4.2,True,20.05,119.83
DIA,2024-06-01,164034.8072,173233.26506666667,5.61,4.6,True,20.05,119.83
DIA,2024-07-01,181362.4292,172258.49879999997,-5.02,3.9,False,20.05,119.83
DIA,2024-08-01,172347.1232,177568.97383333332,3.03,3.6,False,20.05,119.83
DIA,2024-09-01,175574.461,173373.2102,-1.25,3.4,False,20.05,119.83
DIA,2024-10-01,173070.92686666665,159390.44100000002,-7.9,3.3,False,20.05,119.83
DIA,2024-11-01,163045.17193333333,164740.9946,1.04,3.2,False,20.05,119.83
DIA,2024-12-01,162692.1716,167131.6133,2.73,3.1,False,20.05,119.83
GGAL,2024-01-01,1560.69126,2492.9042,59.73,20.6,True,318.11,119.83
GGAL,2024-02-01,2581.32672,2177.75536,-15.63,13.2,False,318.11,119.83
GGAL,2024-03-01,2243.1171,2548.1379,13.6,11.0,True,318.11,119.83
GGAL,2024-04-01,2586.1374,3270.39025,26.46,8.8,True,318.11,119.83
GGAL,2024-05-01,3263.83855,4128.9602,26.51,4.2,True,318.11,119.83
GGAL,2024-06-01,4264.78389,3928.7328,-7.88,4.6,False,318.11,119.83
GGAL,2024-07-01,3721.3051,3628.388159999999,-2.5,3.9,False,318.11,119.83
GGAL,2024-08-01,3600.6936,5062.761379999999,40.61,3.6,True,318.11,119.83
GGAL,2024-09-01,5224.629000000001,5210.02686,-0.28,3.4,False,318.11,119.83
GGAL,2024-10-01,5260.80114,6075.71118,15.49,3.3,True,318.11,119.83
GGAL,2024-11-01,6081.39232,6234.532980000001,2.52,3.2,False,318.11,119.83
GGAL,2024-12-01,6481.080900000001,7420.6863600000015,14.5,3.1,True,318.11,119.83
GOOG,2024-01-01,4767.919703448277,6070.758344827587,27.33,20.6,True,39.98,119.83
GOOG,2024-02-01,6263.902944827587,5135.064948275862,-18.02,13.2,False,39.98,119.83
GOOG,2024-03-01,5158.846103448275,5666.605241379311,9.84,11.0,False,39.98,119.83
GOOG,2024-04-01,5824.593310344829,6162.739879310345,5.81,8.8,False,39.98,119.83
GOOG,2024-05-01,6197.381051724138,7438.494503448277,20.03,4.2,True,39.98,119.83
GOOG,2024-06-01,7757.528389655172,8498.05528275862,9.55,4.6,True,39.98,119.83
GOOG,2024-07-01,8941.553744827586,7634.607889655172,-14.62,3.9,False,39.98,119.83
GOOG,2024-08-01,7707.015558620689,7359.326179310344,-4.51,3.6,False,39.98,119.83
GOOG,2024-09-01,7091.819482758621,7145.5007379310355,0.76,3.4,False,39.98,119.83
GOOG,2024-10-01,7213.300193103448,6871.375675862069,-4.74,3.3,False,39.98,119.83
GOOG,2024-11-01,6981.314379310345,6502.717448275863,-6.86,3.2,False,39.98,119.83
GOOG,2024-12-01,6535.104124137931,7868.118041379311,20.4,3.1,True,39.98,119.83
HUT,2024-01-01,418.5762,310.98855,-25.7,20.6,False,110.6,119.83
HUT,2024-02-01,318.82458,303.29958999999997,-4.87,13.2,False,110.6,119.83
HUT,2024-03-01,324.0784666666667,399.53759999999994,23.28,11.0,True,110.6,119.83
HUT,2024-04-01,391.5758,286.09090000000003,-26.94,8.8,False,110.6,119.83
HUT,2024-05-01,290.8226833333334,361.3359933333333,24.25,4.2,True,110.6,119.83
HUT,2024-06-01,387.51104,674.5899733333333,74.08,4.6,True,110.6,119.83
HUT,2024-07-01,717.8988333333333,627.00192,-12.66,3.9,False,110.6,119.83
HUT,2024-08-01,603.3712,437.69897,-27.46,3.6,False,110.6,119.83
HUT,2024-09-01,394.7787,508.27508,28.75,3.4,True,110.6,119.83
HUT,2024-10-01,480.2563466666667,609.46242,26.9,3.3,True,110.6,119.83
HUT,2024-11-01,628.3791600000001,1036.68396,64.98,3.2,True,110.6,119.83
HUT,2024-12-01,950.2653533333336,851.0288100000001,-10.44,3.1,False,110.6,119.83
KO,2024-01-01,11405.20484,14213.051,24.62,20.6,True,7.49,119.83
KO,2024-02-01,14934.81888,12305.60386,-17.6,13.2,False,7.49,119.83
KO,2024-03-01,12412.3506,12806.9172,3.18,11.0,False,7.49,119.83
KO,2024-04-01,12702.69,13005.1245,2.38,8.8,False,7.49,119.83
KO,2024-05-01,13040.066900000002,15136.194280000002,16.07,4.2,True,7.49,119.83
KO,2024-06-01,15743.50098,16697.78944,6.06,4.6,True,7.49,119.83
KO,2024-07-01,17365.14896,16661.805119999997,-4.05,3.9,False,7.49,119.83
KO,2024-08-01,17197.38144,18289.842419999997,6.35,3.6,True,7.49,119.83
KO,2024-09-01,18485.5452,17486.984399999998,-5.4,3.4,False,7.49,119.83
KO,2024-10-01,17486.1502,14796.157320000002,-15.38,3.3,False,7.49,119.83
KO,2024-11-01,14968.1328,14020.76208,-6.33,3.2,False,7.49,119.83
KO,2024-12-01,13795.522160000002,14513.78004,5.21,3.1,True,7.49,119.83
META,2024-01-01,11441.0828,16153.502983333334,41.19,20.6,True,49.65,119.83
META,2024-02-01,16757.710153333333,17432.40293666667,4.03,13.2,False,49.65,119.83
META,2024-03-01,18169.103183333333,17495.693600000002,-3.71,11.0,False,49.65,119.83
META,2024-04-01,17703.7861,15588.678199999998,-11.95,8.8,False,49.65,119.83
META,2024-05-01,15915.535233333334,19325.862253333333,21.43,4.2,True,49.65,119.83
META,2024-06-01,20560.14211,22613.84,9.99,4.6,True,49.65,119.83
META,2024-07-01,23677.009653333334,20266.63788,-14.4,3.9,False,49.65,119.83
META,2024-08-01,21532.10432,22492.35864333333,4.46,3.6,True,49.65,119.83
META,2024-09-01,22149.7343,23673.76174,6.88,3.4,True,49.65,119.83
META,2024-10-01,23890.260566666664,21853.41564,-8.53,3.3,False,49.65,119.83
META,2024-11-01,22191.747413333334,21196.52418,-4.48,3.2,False,49.65,119.83
META,2024-12-01,21672.133513333338,23353.243393333338,7.76,3.1,True,49.65,119.83
MRVL,2024-01-01,19207.996733333333,28043.090666666667,46.0,20.6,True,96.39,119.83
MRVL,2024-02-01,28399.715600000007,25475.0221,-10.3,13.2,False,96.39,119.83
MRVL,2024-03-01,28058.946166666672,25524.807,-9.03,11.0,False,96.39,119.83
MRVL,2024-04-01,26360.796,23891.866,-9.37,8.8,False,96.39,119.83
MRVL,2024-05-01,23134.78066666667,28495.23086666667,23.17,4.2,True,96.39,119.83
MRVL,2024-06-01,29379.0457,31326.356266666666,6.63,4.6,True,96.39,119.83
MRVL,2024-07-01,33286.968199999996,28591.9728,-14.1,3.9,False,96.39,119.83
MRVL,2024-08-01,27281.928,32898.857299999996,20.59,3.6,True,96.39,119.83
MRVL,2024-09-01,30309.79700000001,29800.0104,-1.68,3.4,False,96.39,119.83
MRVL,2024-10-01,29114.5024,30843.6618,5.94,3.3,True,96.39,119.83
MRVL,2024-11-01,33168.37813333334,34208.3508,3.14,3.2,False,96.39,119.83
MRVL,2024-12-01,35408.65346666667,44070.710900000005,24.46,3.1,True,96.39,119.83
MSTR,2024-01-01,3413.887555,3129.8687,-8.32,20.6,False,465.26,119.83
MSTR,2024-02-01,3223.45735,5480.82722,70.03,13.2,True,465.26,119.83
MSTR,2024-03-01,5882.460150000001,9253.4211,57.31,11.0,True,465.26,119.83
MSTR,2024-04-01,8884.82595,5814.63375,-34.56,8.8,False,465.26,119.83
MSTR,2024-05-01,5614.2609250000005,9508.45895,69.36,4.2,True,465.26,119.83
MSTR,2024-06-01,10557.513390000002,9298.676,-11.92,4.6,False,465.26,119.83
MSTR,2024-07-01,9645.7358,10371.22848,7.52,3.9,True,465.26,119.83
MSTR,2024-08-01,9843.63216,8599.421009999998,-12.64,3.6,False,465.26,119.83
MSTR,2024-09-01,7968.5364,10484.7282,31.58,3.4,True,465.26,119.83
MSTR,2024-10-01,10138.35273,14155.8165,39.63,3.3,True,465.26,119.83
MSTR,2024-11-01,13515.44727,21503.42259,59.1,3.2,True,465.26,119.83
MSTR,2024-12-01,20905.4713,17979.61564,-14.0,3.1,False,465.26,119.83
NVDA,2024-01-01,4798.67715,7681.0425,60.07,20.6,True,225.03,119.83
NVDA,2024-02-01,8066.646000000001,8475.24084,5.07,13.2,False,225.03,119.83
NVDA,2024-03-01,8963.7488,9806.0424,9.4,11.0,False,225.03,119.83
NVDA,2024-04-01,9807.1281,9431.172150000002,-3.83,8.8,False,225.03,119.83
NVDA,2024-05-01,9064.27695,13670.475780000002,50.82,4.2,True,225.03,119.83
NVDA,2024-06-01,14914.41765,16673.488,11.79,4.6,True,225.03,119.83
NVDA,2024-07-01,17548.74276,15030.05832,-14.35,3.9,False,225.03,119.83
NVDA,2024-08-01,14217.85632,15498.699729999998,9.01,3.6,True,225.03,119.83
NVDA,2024-09-01,14067.411300000002,15100.247339999998,7.34,3.4,True,225.03,119.83
NVDA,2024-10-01,14578.438979999995,15369.33762,5.43,3.3,True,225.03,119.83
NVDA,2024-11-01,15929.529380000002,15341.59068,-3.69,3.2,False,225.03,119.83
NVDA,2024-12-01,15237.9612,16316.72671,7.08,3.1,True,225.03,119.83
PAM,2024-01-01,1922.261368,2432.9546,26.57,20.6,True,88.99,119.83
PAM,2024-02-01,2518.330056,1801.363784,-28.47,13.2,False,88.99,119.83
PAM,2024-03-01,1861.19862,1873.48392,0.66,11.0,False,88.99,119.83
PAM,2024-04-01,1854.80988,1937.99286,4.48,8.8,False,88.99,119.83
PAM,2024-05-01,1982.54442,2462.40708,24.2,4.2,True,88.99,119.83
PAM,2024-06-01,2462.5980600000003,2390.181632,-2.94,4.6,False,88.99,119.83
PAM,2024-07-01,2411.575176,2334.811248,-3.18,3.9,False,88.99,119.83
PAM,2024-08-01,2358.617088,2827.249608,19.87,3.6,True,88.99,119.83
PAM,2024-09-01,2859.08376,2986.9659840000004,4.47,3.4,True,88.99,119.83
PAM,2024-10-01,3042.565208,3100.0369680000003,1.89,3.3,False,88.99,119.83
PAM,2024-11-01,3107.5349919999994,3799.9905840000006,22.28,3.2,True,88.99,119.83
PAM,2024-12-01,3822.9032240000006,4166.599072000001,8.99,3.1,True,88.99,119.83
PEP,2024-01-01,54571.041566666674,66656.4615,22.15,20.6,True,-8.96,119.83
PEP,2024-02-01,69620.70346666667,56544.4748,-18.78,13.2,False,-8.96,119.83
PEP,2024-03-01,57244.174,60632.725999999995,5.92,11.0,False,-8.96,119.83
PEP,2024-04-01,59927.02100000001,61294.793333333335,2.28,8.8,False,-8.96,119.83
PEP,2024-05-01,61029.085499999994,68824.31946666668,12.77,4.2,True,-8.96,119.83
PEP,2024-06-01,70893.7608,71612.74346666665,1.01,4.6,False,-8.96,119.83
PEP,2024-07-01,73983.59386666666,71351.44799999999,-3.56,3.9,False,-8.96,119.83
PEP,2024-08-01,73277.0448,72213.836,-1.45,3.6,False,-8.96,119.83
PEP,2024-09-01,74395.59000000001,68538.3656,-7.87,3.4,False,-8.96,119.83
PEP,2024-10-01,69221.7236,62320.3308,-9.97,3.3,False,-8.96,119.83
PEP,2024-11-01,63147.79086666667,58793.521799999995,-6.9,3.2,False,-8.96,119.83
PEP,2024-12-01,58093.3528,58855.902266666664,1.31,3.1,False,-8.96,119.83
PFE,2024-01-01,5391.6601,6247.2479,15.87,20.6,False,-7.64,119.83
PFE,2024-02-01,6453.3168000000005,5257.907380000001,-18.52,13.2,False,-7.64,119.83
PFE,2024-03-01,5351.654500000001,5563.1268,3.95,11.0,False,-7.64,119.83
PFE,2024-04-01,5558.784000000001,5167.1074,-7.05,8.8,False,-7.64,119.83
PFE,2024-05-01,5481.589000000001,6701.140240000001,22.25,4.2,True,-7.64,119.83
PFE,2024-06-01,7128.30018,7082.519679999999,-0.64,4.6,False,-7.64,119.83
PFE,2024-07-01,7470.8554,7459.78104,-0.15,3.9,False,-7.64,119.83
PFE,2024-08-01,7586.85024,7164.23596,-5.57,3.6,False,-7.64,119.83
PFE,2024-09-01,7009.602000000001,6843.05748,-2.38,3.4,False,-7.64,119.83
PFE,2024-10-01,6792.553,6229.7172,-8.29,3.3,False,-7.64,119.83
PFE,2024-11-01,6283.7916,5616.296400000001,-10.62,3.2,False,-7.64,119.83
PFE,2024-12-01,5479.50928,6053.343,10.47,3.1,True,-7.64,119.83
PLTR,2024-01-01,5507.9312666666665,6698.5351666666675,21.62,20.6,True,411.01,119.83
PLTR,2024-02-01,6969.752866666666,8959.6628,28.55,13.2,True,411.01,119.83
PLTR,2024-03-01,9057.4845,8327.319000000001,-8.06,11.0,False,411.01,119.83
PLTR,2024-04-01,8273.034,7996.713833333334,-3.34,8.8,False,411.01,119.83
PLTR,2024-05-01,8051.311333333334,9014.688533333334,11.97,4.2,True,411.01,119.83
PLTR,2024-06-01,9220.6868,11399.175466666666,23.63,4.6,True,411.01,119.83
PLTR,2024-07-01,12183.096266666666,11516.4492,-5.47,3.9,False,411.01,119.83
PLTR,2024-08-01,11320.8064,13628.846266666667,20.39,3.6,True,411.01,119.83
PLTR,2024-09-01,13250.493000000002,15422.376000000002,16.39,3.4,True,411.01,119.83
PLTR,2024-10-01,15147.185466666668,16041.3288,5.9,3.3,True,411.01,119.83
PLTR,2024-11-01,16442.98026666667,24818.2584,50.94,3.2,True,411.01,119.83
PLTR,2024-12-01,24330.164600000004,30535.752466666672,25.51,3.1,True,411.01,119.83
QQQ,2024-01-01,39781.68137,51635.33985,29.8,20.6,True,34.34,119.83
QQQ,2024-02-01,53558.68818000001,46649.19171,-12.9,13.2,False,34.34,119.83
QQQ,2024-03-01,48156.170900000005,47859.8274,-0.62,11.0,False,34.34,119.83
QQQ,2024-04-01,47960.7975,46030.060300000005,-4.03,8.8,False,34.34,119.83
QQQ,2024-05-01,45697.01555,55818.30274,22.15,4.2,True,34.34,119.83
QQQ,2024-06-01,58369.282889999995,64320.51136,10.2,4.6,True,34.34,119.83
QQQ,2024-07-01,67678.32372000001,60185.76011999999,-11.07,3.9,False,34.34,119.83
QQQ,2024-08-01,59522.785919999995,61511.641599999995,3.34,3.6,False,34.34,119.83
QQQ,2024-09-01,59831.77380000001,60447.007739999994,1.03,3.4,False,34.34,119.83
QQQ,2024-10-01,59729.598159999994,55790.70714,-6.59,3.3,False,34.34,119.83
QQQ,2024-11-01,57116.60612,56339.444460000006,-1.36,3.2,False,34.34,119.83
QQQ,2024-12-01,56413.439040000005,61039.06217999999,8.2,3.1,True,34.34,119.83
SPOT,2024-01-01,37631.9936,53792.2765,42.94,20.6,True,125.3,119.83
SPOT,2024-02-01,56072.15264000001,54960.45786,-1.98,13.2,False,125.3,119.83
SPOT,2024-03-01,57494.8625,57303.246,-0.33,11.0,False,125.3,119.83
SPOT,2024-04-01,57852.61020000001,61245.2916,5.86,8.8,False,125.3,119.83
SPOT,2024-05-01,62140.69060000001,74041.86152,19.15,4.2,True,125.3,119.83
SPOT,2024-06-01,81382.50828,84728.32064,4.11,4.6,False,125.3,119.83
SPOT,2024-07-01,88644.73568,88381.57392,-0.3,3.9,False,125.3,119.83
SPOT,2024-08-01,87640.75200000001,89067.19456,1.63,3.6,False,125.3,119.83
SPOT,2024-09-01,85626.58800000002,91671.10044,7.06,3.4,True,125.3,119.83
SPOT,2024-10-01,93575.2072,89184.53880000001,-4.69,3.3,False,125.3,119.83
SPOT,2024-11-01,90491.306,105879.39648,17.01,3.2,True,125.3,119.83
SPOT,2024-12-01,105603.68868,107248.62094,1.56,3.1,False,125.3,119.83
SPY,2024-01-01,46231.74129,59191.48735,28.03,20.6,True,31.35,119.83
SPY,2024-02-01,61478.085880000006,53443.95991,-13.07,13.2,False,31.35,119.83
SPY,2024-03-01,54862.63325,55910.2929,1.91,11.0,False,31.35,119.83
SPY,2024-04-01,55813.66560000001,53965.26095,-3.31,8.8,False,31.35,119.83
SPY,2024-05-01,53790.54895,64767.293820000006,20.41,4.2,True,31.35,119.83
SPY,2024-06-01,67420.43361,72570.85023999999,7.64,4.6,True,31.35,119.83
SPY,2024-07-01,76068.56038000001,69899.15052,-8.11,3.9,False,31.35,119.83
SPY,2024-08-01,69843.03792,72311.24674999999,3.53,3.6,False,31.35,119.83
SPY,2024-09-01,71045.83410000001,70699.15656,-0.49,3.4,False,31.35,119.83
SPY,2024-10-01,70212.5639,65234.86578000001,-7.09,3.3,False,31.35,119.83
SPY,2024-11-01,66574.0655,66258.97824,-0.47,3.2,False,31.35,119.83
SPY,2024-12-01,65748.61426,69403.35789000001,5.56,3.1,True,31.35,119.83
TSLA,2024-01-01,16505.190413333334,15594.3897,-5.52,20.6,False,76.94,119.83
TSLA,2024-02-01,16121.341413333335,14424.056826666669,-10.53,13.2,False,76.94,119.83
TSLA,2024-03-01,14724.497866666668,12723.6802,-13.59,11.0,False,76.94,119.83
TSLA,2024-04-01,12682.423600000002,13342.173066666668,5.2,8.8,False,76.94,119.83
TSLA,2024-05-01,13102.672033333334,14809.370240000002,13.03,4.2,True,76.94,119.83
TSLA,2024-06-01,15248.732419999998,17810.25536,16.8,4.6,True,76.94,119.83
TSLA,2024-07-01,19758.458906666667,19878.187919999997,0.61,3.9,False,76.94,119.83
TSLA,2024-08-01,18826.91776,18539.21394,-1.53,3.6,False,76.94,119.83
TSLA,2024-09-01,18292.716,21693.31308,18.59,3.4,True,76.94,119.83
TSLA,2024-10-01,21438.709786666663,19287.4206,-10.03,3.3,False,76.94,119.83
TSLA,2024-11-01,19532.315013333333,25540.45936,30.76,3.2,True,76.94,119.83
TSLA,2024-12-01,26172.792520000003,33029.09675333334,26.2,3.1,True,76.94,119.83
YPF,2024-01-01,5487.999066666667,7193.952000000001,31.09,20.6,True,174.27,119.83
YPF,2024-02-01,7464.8486,6180.309666666667,-17.21,13.2,False,174.27,119.83
YPF,2024-03-01,6477.936166666666,7165.62,10.62,11.0,False,174.27,119.83
YPF,2024-04-01,7104.097000000001,7993.074,12.51,8.8,True,174.27,119.83
YPF,2024-05-01,8036.752,9650.872733333335,20.08,4.2,True,174.27,119.83
YPF,2024-06-01,9558.029,9054.536533333334,-5.27,4.6,False,174.27,119.83
YPF,2024-07-01,9104.369466666669,8539.903199999999,-6.2,3.9,False,174.27,119.83
YPF,2024-08-01,8408.1296,10260.599,22.03,3.6,True,174.27,119.83
YPF,2024-09-01,10097.475,8793.241800000002,-12.92,3.4,False,174.27,119.83
YPF,2024-10-01,9002.729266666667,9460.369800000002,5.08,3.3,True,174.27,119.83
YPF,2024-11-01,9951.297933333331,14910.194,49.83,3.2,True,174.27,119.83
YPF,2024-12-01,14739.557466666667,16763.408033333333,13.73,3.1,True,174.27,119.83
