Date,CCL
2010-02-22,3.91279
2010-02-26,3.93158
2010-03-09,3.89342
2010-03-12,3.89512
2010-03-16,3.91014
2010-03-17,3.92048
2010-03-25,3.85003
2010-04-09,3.87126
2010-04-12,3.8994
2010-04-13,3.86548
2010-04-19,3.86787
2010-04-27,3.85505
2010-05-03,3.91539
2010-05-04,3.87578
2010-05-05,3.93548
2010-05-10,3.94962
2010-05-11,3.8882
2010-06-09,3.99199
2010-07-01,3.98551
2010-07-06,3.93636
2010-07-14,3.93832
2010-07-23,3.92726
2010-07-26,3.91477
2010-07-27,3.92045
2010-07-29,3.91477
2010-07-30,3.96552
2010-08-12,3.96271
2010-08-17,3.89532
2010-08-18,3.91185
2010-08-25,3.85667
2010-08-31,3.93182
2010-09-09,3.96296
2010-09-10,3.95341
2010-09-13,3.94944
2010-09-20,3.94102
2010-09-21,3.91234
2010-09-22,3.92262
2010-09-30,3.93018
2010-10-06,3.95071
2010-10-19,3.89757
2010-10-21,3.90261
2010-10-26,3.95386
2010-11-02,3.91664
2010-11-04,3.97275
2010-11-09,3.89691
2010-11-10,3.86186
2010-11-11,3.97665
2010-11-12,3.97655
2010-11-15,3.96681
2010-11-16,3.96748
2010-12-10,4.02028
2010-12-21,4.00942
2010-12-23,3.97949
2011-01-04,3.9697
2011-01-17,4.01786
2011-01-18,4.00508
2011-01-20,4.02051
2011-01-21,4.03601
2011-01-26,4.05361
2011-01-27,4.03814
2011-01-28,4.11733
2011-01-31,4.08995
2011-02-02,4.13263
2011-02-07,4.10966
2011-02-08,4.11518
2011-02-14,4.13158
2011-02-16,4.13158
2011-02-22,4.16316
2011-02-23,4.19098
2011-02-24,4.2
2011-02-25,4.23936
2011-02-28,4.20635
2011-03-03,4.19271
2011-03-09,4.20187
2011-03-10,4.21503
2011-03-11,4.21503
2011-03-14,4.22461
2011-03-15,4.21684
2011-03-16,4.23617
2011-03-17,4.2082
2011-03-18,4.20681
2011-03-22,4.21036
2011-03-23,4.21031
2011-03-28,4.18581
2011-04-04,4.1299
2011-04-07,4.1478
2011-04-08,4.20545
2011-04-12,4.21025
2011-04-13,4.18653
2011-04-14,4.22373
2011-04-15,4.23081
2011-04-20,4.23579
2011-04-25,4.23238
2011-04-29,4.23896
2011-05-03,4.26423
2011-05-09,4.26804
2011-05-10,4.35221
2011-05-19,4.3551
2011-05-24,4.42051
2011-05-26,4.46058
2011-06-03,4.34367
2011-06-06,4.3299
2011-06-07,4.32474
2011-06-08,4.34917
2011-06-10,4.31224
2011-06-22,4.31756
2011-06-28,4.24413
2011-06-30,4.22727
2011-07-01,4.20641
2011-07-04,4.2025
2011-07-05,4.23116
2011-07-12,4.24197
2011-07-13,4.24121
2011-07-14,4.22864
2011-07-15,4.22864
2011-07-18,4.24181
2011-07-19,4.23193
2011-07-20,4.23848
2011-07-21,4.2485
2011-07-22,4.22056
2011-07-26,4.18657
2011-08-01,4.26507
2011-08-02,4.25935
2011-08-03,4.2672
2011-08-04,4.29723
2011-08-05,4.37949
2011-08-08,4.26735
2011-08-09,4.3201
2011-08-10,4.32558
2011-08-11,4.33679
2011-08-12,4.33419
2011-08-15,4.31897
2011-08-16,4.34917
2011-08-17,4.35567
2011-08-18,4.34197
2011-08-23,4.40475
2011-08-24,4.40526
2011-08-26,4.37403
2011-08-29,4.4151
2011-08-30,4.43005
2011-08-31,4.42894
2011-09-01,4.38755
2011-09-07,4.48438
2011-09-09,4.49323
2011-09-14,4.53931
2011-09-16,4.5681
2011-09-20,4.61001
2011-09-21,4.62473
2011-09-22,4.61708
2011-09-23,4.67865
2011-09-26,4.60387
2011-09-27,4.65121
2011-09-28,4.67516
2011-09-29,4.69096
2011-10-03,4.6747
2011-10-04,4.64863
2011-10-06,4.6303
2011-10-07,4.52663
2011-10-11,4.53488
2011-10-13,4.56818
2011-10-18,4.74432
2011-10-19,4.7563
2011-10-20,4.75312
2011-10-21,4.72316
2011-10-24,4.71709
2011-10-28,4.85519
2011-10-31,5.06111
2011-11-01,4.8427
2011-11-02,4.65922
2011-11-03,4.72527
2011-11-07,4.75138
2011-11-08,4.71226
2011-11-11,4.80337
2011-11-14,4.78258
2011-11-16,4.58082
2011-11-17,4.60773
2011-11-23,4.39011
2011-11-29,4.60511
2011-11-30,4.59101
2011-12-01,4.67416
2011-12-02,4.65295
2011-12-06,4.72222
2011-12-13,4.60541
2011-12-15,4.66188
2011-12-20,4.67391
2011-12-21,4.67892
2011-12-23,4.60741
2012-01-06,4.64249
2012-01-10,4.67357
2012-01-11,4.6875
2012-01-12,4.65285
2012-01-18,4.72208
2012-01-24,4.72727
2012-01-26,4.6056
2012-02-01,4.64975
2012-02-10,4.72872
2012-02-14,4.81633
2012-02-15,4.77157
2012-02-16,4.78332
2012-02-17,4.77722
2012-02-23,4.73734
2012-02-28,4.78261
2012-02-29,4.80473
2012-03-06,4.85422
2012-03-08,4.86768
2012-03-09,4.86091
2012-03-12,4.88798
2012-03-14,4.9196
2012-03-19,4.98
2012-03-20,4.9875
2012-03-23,5.06
2012-04-04,5.30108
2012-04-09,5.35699
2012-04-10,5.42437
2012-04-12,5.32937
2012-04-13,5.37127
2012-04-16,5.39891
2012-04-18,5.64756
2012-04-24,5.40556
2012-04-25,5.35359
2012-05-04,5.4543
2012-05-08,5.55003
2012-05-21,5.9323
2012-05-23,6.09119
2012-05-28,5.96341
2012-05-29,6.12025
2012-05-31,6.17105
2012-06-01,6.31156
2012-06-04,6.22667
2012-06-05,6.17839
2012-06-07,6.07051
2012-06-11,6.11333
2012-06-14,6.50458
2012-06-15,6.50327
2012-06-18,6.64784
2012-06-19,6.65658
2012-06-21,6.66107
2012-06-22,6.65782
2012-06-25,6.72483
2012-06-26,6.59934
2012-06-27,6.53771
2012-06-28,6.56209
2012-07-05,6.55901
2012-07-10,6.63239
2012-07-11,6.75607
2012-07-12,6.68916
2012-07-17,7.01363
2012-07-18,6.85629
2012-07-19,6.96145
2012-07-23,6.82588
2012-07-24,6.77083
2012-07-25,6.74268
2012-07-26,6.80497
2012-07-27,6.8494
2012-07-30,6.77647
2012-07-31,6.71454
2012-08-01,6.71453
2012-08-02,6.72303
2012-08-03,6.65521
2012-08-06,6.59297
2012-08-07,6.66286
2012-08-08,6.47191
2012-08-09,6.15301
2012-08-10,6.17033
2012-08-13,6.28729
2012-08-14,6.38674
2012-08-16,6.47645
2012-08-17,6.48859
2012-08-22,6.45414
2012-08-23,6.46993
2012-08-24,6.50847
2012-08-27,6.4809
2012-08-28,6.45634
2012-08-29,6.43343
2012-08-30,6.488
2012-08-31,6.47727
2012-09-03,6.49432
2012-09-04,6.57143
2012-09-05,6.52027
2012-09-06,6.46667
2012-09-07,6.46896
2012-09-10,6.44983
2012-09-11,6.43753
2012-09-12,6.46674
2012-09-13,6.44397
2012-09-14,6.37234
2012-09-17,6.34817
2012-09-18,6.32395
2012-09-20,6.35356
2012-09-21,6.32604
2012-09-25,6.31135
2012-09-27,6.29147
2012-09-28,6.30546
2012-10-01,6.25405
2012-10-02,6.26757
2012-10-03,6.29919
2012-10-04,6.29015
2012-10-05,6.2766
2012-10-10,6.33889
2012-10-11,6.35556
2012-10-12,6.31768
2012-10-15,6.34362
2012-10-16,6.29973
2012-10-17,6.39665
2012-10-18,6.40223
2012-10-19,6.39106
2012-10-22,6.41383
2012-10-23,6.4162
2012-10-24,6.39444
2012-10-25,6.39401
2012-10-26,6.5731
2012-10-29,6.55294
2012-10-30,6.51105
2012-10-31,6.6209
2012-11-01,6.66667
2012-11-02,6.80655
2012-11-05,6.84431
2012-11-07,6.88988
2012-11-08,6.86228
2012-11-09,6.80299
2012-11-12,6.85455
2012-11-13,7.00938
2012-11-15,7.01384
2012-11-16,6.9625
2012-11-19,6.75
2012-11-20,6.80597
2012-11-21,6.8125
2012-11-23,6.93082
2012-11-27,6.93325
2012-11-28,6.85732
2012-11-29,6.74118
2012-11-30,6.75
2012-12-03,6.83402
2012-12-04,6.80814
2012-12-05,6.75505
2012-12-06,6.66571
2012-12-07,6.70224
2012-12-10,6.61781
2012-12-11,6.54167
2012-12-12,6.52234
2012-12-13,6.56906
2012-12-17,6.64088
2012-12-18,6.55135
2012-12-19,6.4127
2012-12-20,6.47713
2012-12-21,6.63043
2012-12-26,6.61789
2012-12-27,6.66667
2012-12-28,6.54787
2013-01-02,6.66021
2013-01-03,6.8027
2013-01-04,6.77929
2013-01-07,6.8895
2013-01-08,6.991
2013-01-09,7.02247
2013-01-10,7.08989
2013-01-11,7.18114
2013-01-14,7.15256
2013-01-15,7.20112
2013-01-16,7.29272
2013-01-17,7.2933
2013-01-18,7.33146
2013-01-21,7.34831
2013-01-22,7.48262
2013-01-23,7.45892
2013-01-24,7.52278
2013-01-25,7.59195
2013-01-28,7.68391
2013-01-29,7.61364
2013-01-30,7.71023
2013-02-01,7.80114
2013-02-04,7.83
2013-02-05,7.72831
2013-02-06,7.71347
2013-02-07,7.77143
2013-02-08,7.713
2013-02-13,7.77528
2013-02-14,7.67333
2013-02-15,7.73109
2013-02-19,7.6838
2013-02-21,7.74432
2013-02-22,7.78409
2013-02-25,7.82212
2013-02-26,7.79661
2013-02-27,7.82
2013-02-28,8.0177
2013-03-01,8.02035
2013-03-04,7.98
2013-03-05,8.0057
2013-03-06,8.01578
2013-03-07,8.18362
2013-03-08,8.24241
2013-03-11,8.27933
2013-03-12,8.32402
2013-03-13,8.37778
2013-03-14,8.46927
2013-03-15,8.4234
2013-03-18,8.30084
2013-03-19,8.32667
2013-03-20,8.46667
2013-03-21,8.45251
2013-03-22,8.14286
2013-03-25,8.2907
2013-03-26,8.38081
2013-03-27,8.41521
2013-04-03,8.392
2013-04-04,8.30337
2013-04-05,8.47285
2013-04-08,8.37722
2013-04-09,8.38889
2013-04-10,8.42222
2013-04-11,8.5762
2013-04-12,8.61625
2013-04-15,8.78992
2013-04-16,8.98295
2013-04-17,9.0226
2013-04-18,9.02985
2013-04-19,8.98563
2013-04-22,8.94857
2013-04-23,8.90909
2013-04-24,8.83807
2013-04-25,8.95455
2013-04-26,9.12821
2013-04-29,9.16467
2013-04-30,9.18244
2013-05-02,9.24183
2013-05-03,9.38244
2013-05-06,9.46449
2013-05-07,9.46286
2013-05-08,9.51429
2013-05-09,9.22063
2013-05-10,9.0
2013-05-13,8.73757
2013-05-14,8.55172
2013-05-15,8.95455
2013-05-16,8.98978
2013-05-17,8.8914
2013-05-20,8.82386
2013-05-21,8.61678
2013-05-22,8.47025
2013-05-23,8.57835
2013-05-24,8.4375
2013-05-27,8.49143
2013-05-28,8.33144
2013-05-29,8.37714
2013-05-30,8.44602
2013-05-31,8.46211
2013-06-03,8.45776
2013-06-04,8.30393
2013-06-05,8.35127
2013-06-06,8.34467
2013-06-07,8.34561
2013-06-10,8.24378
2013-06-11,8.24801
2013-06-12,8.15385
2013-06-13,8.04558
2013-06-14,7.95568
2013-06-17,7.92023
2013-06-18,7.79429
2013-06-19,7.88571
2013-06-24,8.25
2013-06-25,7.86364
2013-06-26,7.81503
2013-06-27,7.62722
2013-06-28,7.76571
2013-07-01,7.65909
2013-07-02,7.56109
2013-07-03,7.93103
2013-07-04,7.88604
2013-07-05,7.96581
2013-07-08,8.03993
2013-07-10,8.10119
2013-07-11,8.2385
2013-07-12,8.52286
2013-07-15,8.33
2013-07-16,8.48
2013-07-17,8.54
2013-07-18,8.55
2013-07-19,8.27
2013-07-22,8.32
2013-07-23,8.31
2013-07-24,8.31
2013-07-25,8.35
2013-07-26,8.32
2013-07-29,8.3
2013-07-30,8.32
2013-07-31,8.53
2013-08-01,8.23
2013-08-02,8.23
2013-08-05,8.3
2013-08-06,8.3
2013-08-07,8.32
2013-08-08,8.56
2013-08-09,8.55
2013-08-12,8.5
2013-08-13,8.57
2013-08-14,8.57
2013-08-15,8.5
2013-08-16,8.5
2013-08-20,8.5
2013-08-21,8.54
2013-08-22,8.55
2013-08-23,8.51
2013-08-26,8.55
2013-08-27,8.57
2013-08-28,8.74
2013-08-29,8.75
2013-08-30,8.55
2013-09-02,8.7
2013-09-03,8.82
2013-09-04,8.89
2013-09-05,8.88
2013-09-06,8.88
2013-09-09,8.88
2013-09-10,8.87
2013-09-11,8.87
2013-09-12,9.0
2013-09-13,9.0
2013-09-16,9.05
2013-09-17,9.3
2013-09-18,9.3
2013-09-19,9.27
2013-09-20,9.27
2013-09-23,9.22
2013-09-24,9.25
2013-09-25,9.22
2013-09-26,9.1
2013-09-27,9.0
2013-09-30,9.0
2013-10-01,8.98
2013-10-02,9.0
2013-10-03,9.05
2013-10-04,9.05
2013-10-07,9.1
2013-10-08,9.05
2013-10-09,9.05
2013-10-10,9.05
2013-10-11,9.1
2013-10-15,9.1
2013-10-16,9.0
2013-10-17,9.0
2013-10-18,9.1
2013-10-21,9.2
2013-10-22,9.27
2013-10-23,9.27
2013-10-24,9.35
2013-10-25,9.35
2013-10-28,9.4
2013-10-29,9.3
2013-10-30,9.11
2013-10-31,9.16
2013-11-01,9.17
2013-11-04,9.22
2013-11-05,9.18
2013-11-07,9.32
2013-11-08,9.2
2013-11-11,9.17
2013-11-12,9.23
2013-11-13,9.3
2013-11-14,9.25
2013-11-15,9.25
2013-11-18,9.2
2013-11-19,9.15
2013-11-20,9.05
2013-11-21,8.95
2013-11-22,8.93
2013-11-26,8.97
2013-11-27,8.87
2013-11-29,8.72
2013-12-02,8.52
2013-12-03,8.32
2013-12-04,8.4
2013-12-05,8.48
2013-12-06,8.55
2013-12-09,8.53
2013-12-10,8.58
2013-12-11,8.44
2013-12-12,8.44
2013-12-13,8.46
2013-12-16,8.56
2013-12-17,8.46
2013-12-18,8.55
2013-12-19,8.58
2013-12-20,8.50246
2013-12-23,8.52683
2013-12-26,8.54612
2013-12-27,8.71443
2013-12-30,8.85149
2014-01-02,8.88
2014-01-03,8.89
2014-01-06,8.91228
2014-01-07,9.13317
2014-01-08,9.14573
2014-01-09,9.22306
2014-01-10,9.39394
2014-01-13,9.49495
2014-01-14,9.55303
2014-01-15,9.7923
2014-01-16,10.1317
2014-01-17,10.1619
2014-01-20,9.90722
2014-01-21,10.0364
2014-01-22,10.4752
2014-01-23,11.1171
2014-01-24,10.989
2014-01-27,10.8681
2014-01-28,10.9914
2014-01-29,11.3187
2014-01-30,11.4725
2014-01-31,12.2989
2014-02-03,12.0
2014-02-04,12.65
2014-02-05,12.43
2014-02-06,12.0
2014-02-07,11.62
2014-02-10,10.8
2014-02-11,10.74
2014-02-12,10.87
2014-02-13,10.95
2014-02-14,10.87
2014-02-18,10.77
2014-02-19,10.5
2014-02-20,10.55
2014-02-21,10.58
2014-02-24,10.55
2014-02-25,10.4
2014-02-26,10.51
2014-02-27,10.5
2014-02-28,10.34
2014-03-05,10.35
2014-03-06,10.32
2014-03-07,10.2
2014-03-10,10.07
2014-03-11,10.19
2014-03-12,10.4
2014-03-13,10.28
2014-03-14,10.39
2014-03-17,10.28
2014-03-18,10.14
2014-03-19,10.14
2014-03-20,10.29
2014-03-21,10.27
2014-03-25,10.3
2014-03-26,10.29
2014-03-27,10.21
2014-03-28,10.02
2014-03-31,10.0
2014-04-01,10.17
2014-04-03,10.01
2014-04-04,9.93
2014-04-07,9.65
2014-04-08,9.67
2014-04-09,9.6
2014-04-10,9.52
2014-04-11,9.61
2014-04-14,9.66
2014-04-15,9.59
2014-04-16,9.62
2014-04-21,9.75
2014-04-22,9.67
2014-04-23,9.64
2014-04-24,9.59
2014-04-25,9.67
2014-04-28,9.73
2014-04-29,10.02
2014-04-30,10.12
2014-05-05,9.96
2014-05-06,9.84
2014-05-07,9.85
2014-05-08,9.61
2014-05-09,9.66
2014-05-12,9.77
2014-05-13,9.68
2014-05-14,9.86
2014-05-15,10.13
2014-05-16,10.19
2014-05-19,10.3
2014-05-20,10.76
2014-05-21,10.92
2014-05-22,10.77
2014-05-23,10.87
2014-05-26,10.81
2014-05-27,10.81
2014-05-28,11.2
2014-05-29,11.27
2014-05-30,11.13
2014-06-02,10.88
2014-06-03,10.77
2014-06-04,10.65
2014-06-05,10.56
2014-06-06,10.59
2014-06-09,10.5
2014-06-10,10.68
2014-06-11,10.6
2014-06-12,10.51
2014-06-13,10.63
2014-06-16,10.44
2014-06-17,10.38
2014-06-18,10.71
2014-06-19,10.51
2014-06-23,10.25
2014-06-24,10.07
2014-06-25,10.12
2014-06-26,10.05
2014-06-27,10.0
2014-06-30,10.28
2014-07-01,10.11
2014-07-02,10.12
2014-07-03,10.09
2014-07-04,10.1
2014-07-07,10.2
2014-07-08,10.1
2014-07-10,10.08
2014-07-11,9.93
2014-07-14,9.88
2014-07-15,10.12
2014-07-16,10.13
2014-07-17,10.11
2014-07-18,10.08
2014-07-21,9.98
2014-07-22,9.96
2014-07-23,9.91
2014-07-24,9.93
2014-07-25,9.81
2014-07-28,9.8
2014-07-29,10.07
2014-07-30,10.26
2014-07-31,10.12
2014-08-01,10.0
2014-08-04,10.34
2014-08-05,10.35
2014-08-06,10.42
2014-08-07,10.42
2014-08-08,10.56
2014-08-11,10.5
2014-08-12,10.76
2014-08-13,11.31
2014-08-14,11.47
2014-08-15,11.6
2014-08-19,11.75
2014-08-20,11.78
2014-08-21,12.19
2014-08-22,12.38
2014-08-25,12.16
2014-08-26,12.4
2014-08-27,12.71
2014-08-28,12.97
2014-08-29,12.95
2014-09-02,12.84
2014-09-03,12.9
2014-09-04,12.75
2014-09-05,12.54
2014-09-08,12.96
2014-09-09,13.3
2014-09-10,13.32
2014-09-11,13.25
2014-09-12,13.27
2014-09-15,13.22
2014-09-16,13.33
2014-09-17,13.42
2014-09-18,13.49
2014-09-19,13.61
2014-09-22,13.91
2014-09-23,14.53
2014-09-24,14.49
2014-09-25,14.49
2014-09-26,14.73
2014-09-29,14.69
2014-09-30,14.91
2014-10-01,15.2
2014-10-02,14.36
2014-10-03,13.9
2014-10-06,15.0
2014-10-07,14.17
2014-10-08,14.27
2014-10-09,13.77
2014-10-10,13.46
2014-10-14,13.29
2014-10-15,13.24
2014-10-16,13.25
2014-10-17,13.79
2014-10-20,13.7
2014-10-21,14.07
2014-10-22,13.82
2014-10-23,13.47
2014-10-24,13.07
2014-10-27,13.19
2014-10-28,13.17
2014-10-29,12.93
2014-10-30,13.04
2014-10-31,13.05
2014-11-03,13.05
2014-11-04,13.38
2014-11-05,13.19
2014-11-07,12.98
2014-11-10,12.73
2014-11-11,12.78
2014-11-12,12.55
2014-11-13,12.45
2014-11-14,12.13
2014-11-17,12.12
2014-11-18,12.08
2014-11-19,11.92
2014-11-20,11.75
2014-11-21,11.78
2014-11-25,11.98
2014-11-26,11.97
2014-11-28,11.97
2014-12-01,12.27
2014-12-02,11.9
2014-12-03,11.91
2014-12-04,11.99
2014-12-05,12.01
2014-12-09,11.88
2014-12-10,11.66
2014-12-11,11.3
2014-12-12,11.53
2014-12-15,11.65
2014-12-16,11.39
2014-12-17,11.65
2014-12-18,11.65
2014-12-19,11.33
2014-12-22,11.24
2014-12-23,11.29
2014-12-29,11.27
2014-12-30,11.26
2015-01-02,11.93
2015-01-05,12.24
2015-01-06,11.98
2015-01-07,12.09
2015-01-08,12.13
2015-01-09,12.17
2015-01-12,12.02
2015-01-13,12.07
2015-01-14,12.22
2015-01-15,12.16
2015-01-16,12.45
2015-01-19,12.41
2015-01-20,12.41
2015-01-21,12.46
2015-01-22,12.16
2015-01-23,12.1
2015-01-26,12.18
2015-01-27,12.2
2015-01-28,12.19
2015-01-29,12.31
2015-01-30,12.19
2015-02-02,12.22
2015-02-03,12.02
2015-02-04,12.33
2015-02-05,12.27
2015-02-06,12.11
2015-02-09,12.31
2015-02-10,12.3
2015-02-11,12.25
2015-02-12,12.21
2015-02-13,12.2
2015-02-18,12.29
2015-02-19,12.23
2015-02-20,12.22
2015-02-23,11.96
2015-02-24,11.89
2015-02-25,11.74
2015-02-26,11.77
2015-02-27,11.68
2015-03-02,11.92
2015-03-03,11.82
2015-03-04,11.84
2015-03-05,11.82
2015-03-06,11.74
2015-03-09,11.87
2015-03-10,11.91
2015-03-11,11.87
2015-03-12,11.86
2015-03-13,11.81
2015-03-16,11.97
2015-03-17,12.0
2015-03-18,11.91
2015-03-19,12.04
2015-03-20,12.07
2015-03-25,11.97
2015-03-26,12.01
2015-03-27,11.75
2015-03-30,11.9
2015-03-31,11.97
2015-04-01,12.13
2015-04-06,11.99
2015-04-07,12.13
2015-04-08,12.13
2015-04-09,11.85
2015-04-10,11.95
2015-04-13,11.93
2015-04-14,11.86
2015-04-15,12.15
2015-04-16,12.14
2015-04-17,12.14
2015-04-20,12.11
2015-04-21,11.98
2015-04-22,11.69
2015-04-23,11.88
2015-04-24,11.95
2015-04-27,11.97
2015-04-28,11.8
2015-04-29,11.78
2015-04-30,11.94
2015-05-04,11.93
2015-05-05,11.88
2015-05-06,11.77
2015-05-07,11.9
2015-05-08,11.92
2015-05-11,12.01
2015-05-12,11.96
2015-05-13,11.96
2015-05-14,11.97
2015-05-15,11.94
2015-05-18,12.05
2015-05-19,11.99
2015-05-20,11.83
2015-05-21,11.83
2015-05-22,11.8
2015-05-26,11.84
2015-05-27,11.7
2015-05-28,11.69
2015-05-29,11.71
2015-06-01,11.68
2015-06-02,11.66
2015-06-03,11.72
2015-06-04,11.67
2015-06-05,11.61
2015-06-08,11.65
2015-06-09,11.64
2015-06-10,11.75
2015-06-11,11.7
2015-06-12,11.74
2015-06-15,11.96
2015-06-16,11.86
2015-06-17,12.07
2015-06-18,12.2
2015-06-19,12.43
2015-06-22,12.37
2015-06-23,12.47
2015-06-24,12.36
2015-06-25,12.48
2015-06-26,12.68
2015-06-29,12.86
2015-06-30,12.87
2015-07-01,13.14
2015-07-02,13.38
2015-07-06,13.19
2015-07-07,13.26
2015-07-08,13.28
2015-07-10,13.35
2015-07-13,13.34
2015-07-14,13.27
2015-07-15,13.35
2015-07-16,13.29
2015-07-17,13.26
2015-07-20,13.34
2015-07-21,13.72
2015-07-22,13.58
2015-07-23,13.33
2015-07-24,13.34
2015-07-27,13.14
2015-07-28,13.14
2015-07-29,13.25
2015-07-30,13.24
2015-07-31,13.28
2015-08-03,13.31
2015-08-04,13.45
2015-08-05,13.4
2015-08-06,13.34
2015-08-07,13.33
2015-08-10,13.37
2015-08-11,13.35
2015-08-12,13.41
2015-08-13,13.43
2015-08-14,13.43
2015-08-18,13.44
2015-08-19,13.43
2015-08-20,13.42
2015-08-21,13.46
2015-08-24,13.52
2015-08-25,13.51
2015-08-26,13.8
2015-08-27,13.74
2015-08-28,13.98
2015-08-31,13.89
2015-09-01,13.91
2015-09-02,13.97
2015-09-03,14.08
2015-09-04,13.95
2015-09-08,13.95
2015-09-09,14.07
2015-09-10,14.04
2015-09-11,14.09
2015-09-14,14.1
2015-09-15,14.13
2015-09-16,14.12
2015-09-17,14.13
2015-09-18,14.13
2015-09-21,14.17
2015-09-22,14.15
2015-09-23,13.2
2015-09-24,13.3
2015-09-25,13.34
2015-09-28,13.83
2015-09-29,13.87
2015-09-30,13.94
2015-10-01,13.93
2015-10-02,13.7
2015-10-05,13.9
2015-10-06,14.02
2015-10-07,13.99
2015-10-08,13.94
2015-10-09,13.87
2015-10-13,13.95
2015-10-14,13.85
2015-10-15,13.67
2015-10-16,13.8
2015-10-19,13.97
2015-10-20,14.05
2015-10-21,13.94
2015-10-22,14.04
2015-10-23,14.11
2015-10-26,14.12
2015-10-27,14.04
2015-10-28,13.57
2015-10-29,13.7
2015-10-30,13.66
2015-11-02,13.69
2015-11-03,13.74
2015-11-04,13.77
2015-11-05,13.74
2015-11-09,13.86
2015-11-10,14.29
2015-11-11,14.37
2015-11-12,14.25
2015-11-13,14.37
2015-11-16,14.46
2015-11-17,14.77
2015-11-18,14.92
2015-11-19,14.86
2015-11-20,14.89
2015-11-23,14.86
2015-11-24,14.6
2015-11-25,14.4
2015-11-30,14.51
2015-12-01,14.47
2015-12-02,14.68
2015-12-03,14.73
2015-12-04,14.79
2015-12-09,15.13
2015-12-10,15.17
2015-12-11,15.35
2015-12-14,15.13
2015-12-15,14.88
2015-12-16,14.53
2015-12-17,14.26
2015-12-18,14.02
2015-12-21,13.93
2015-12-22,13.74
2015-12-23,13.9
2015-12-28,14.33
2015-12-29,14.34
2015-12-30,14.14
2016-01-04,13.69
2016-01-05,13.66
2016-01-06,14.2
2016-01-07,14.16
2016-01-08,14.54
2016-01-11,14.47
2016-01-12,14.19
2016-01-13,13.97
2016-01-14,13.83
2016-01-15,13.71
2016-01-19,13.78
2016-01-20,13.9
2016-01-21,13.86
2016-01-22,13.74
2016-01-25,14.14
2016-01-26,14.02
2016-01-27,14.0
2016-01-28,14.0
2016-01-29,13.98
2016-02-01,14.24
2016-02-02,14.4
2016-02-03,14.33
2016-02-04,14.41
2016-02-05,14.51
2016-02-10,14.63
2016-02-11,14.85
2016-02-12,14.95
2016-02-16,15.18
2016-02-17,15.35
2016-02-18,15.36
2016-02-19,15.28
2016-02-22,15.2
2016-02-23,15.32
2016-02-24,15.52
2016-02-25,15.54
2016-02-26,15.45
2016-02-29,15.57
2016-03-01,15.9
2016-03-02,16.03
2016-03-03,15.76
2016-03-04,15.49
2016-03-07,15.46
2016-03-08,15.48
2016-03-09,15.41
2016-03-10,15.35
2016-03-11,15.34
2016-03-14,14.95
2016-03-15,14.81
2016-03-16,14.64
2016-03-17,14.72
2016-03-18,14.88
2016-03-21,14.76
2016-03-22,14.56
2016-03-23,14.46
2016-03-28,14.5
2016-03-29,14.74
2016-03-30,14.75
2016-03-31,14.79
2016-04-01,14.82
2016-04-04,14.86
2016-04-05,14.86
2016-04-06,14.79
2016-04-07,14.75
2016-04-08,14.61
2016-04-11,14.56
2016-04-12,14.61
2016-04-13,14.52
2016-04-14,14.27
2016-04-15,14.51
2016-04-18,14.29
2016-04-19,14.24
2016-04-20,14.41
2016-04-21,14.39
2016-04-22,14.51
2016-04-25,14.47
2016-04-26,14.42
2016-04-27,14.37
2016-04-28,14.25
2016-04-29,14.26
2016-05-02,14.34
2016-05-03,14.24
2016-05-04,14.26
2016-05-05,13.96
2016-05-06,14.19
2016-05-09,14.16
2016-05-10,14.23
2016-05-11,14.23
2016-05-12,14.15
2016-05-13,14.15
2016-05-16,14.17
2016-05-17,14.17
2016-05-18,14.1
2016-05-19,14.03
2016-05-20,14.01
2016-05-23,14.05
2016-05-24,13.97
2016-05-26,14.07
2016-05-27,14.05
2016-05-31,14.05
2016-06-01,14.14
2016-06-02,14.1
2016-06-03,14.03
2016-06-06,13.98
2016-06-07,13.93
2016-06-08,13.98
2016-06-09,13.91
2016-06-10,13.88
2016-06-13,13.88
2016-06-14,13.91
2016-06-15,13.92
2016-06-16,13.87
2016-06-21,14.03
2016-06-22,14.11
2016-06-23,14.28
2016-06-24,14.6
2016-06-27,14.97
2016-06-28,15.4
2016-06-29,15.14
2016-06-30,15.2
2016-07-01,15.32
2016-07-05,15.22
2016-07-06,14.98
2016-07-07,14.95
2016-07-11,14.89
2016-07-12,14.79
2016-07-13,14.68
2016-07-14,14.72
2016-07-15,14.83
2016-07-18,15.03
2016-07-19,15.27
2016-07-20,15.17
2016-07-21,15.18
2016-07-22,15.16
2016-07-25,15.06
2016-07-26,15.07
2016-07-27,15.03
2016-07-28,15.1
2016-07-29,15.11
2016-08-01,15.08
2016-08-02,15.03
2016-08-03,14.93
2016-08-04,14.96
2016-08-05,15.04
2016-08-08,14.97
2016-08-09,14.85
2016-08-10,14.85
2016-08-11,14.85
2016-08-12,14.77
2016-08-16,14.77
2016-08-17,14.76
2016-08-18,14.83
2016-08-19,14.95
2016-08-22,14.93
2016-08-23,14.88
2016-08-24,14.87
2016-08-25,14.91
2016-08-26,14.99
2016-08-29,15.05
2016-08-30,15.2
2016-08-31,15.1
2016-09-01,14.99
2016-09-02,14.95
2016-09-06,15.06
2016-09-07,15.08
2016-09-08,15.13
2016-09-09,15.04
2016-09-12,15.01
2016-09-13,15.04
2016-09-14,15.06
2016-09-15,15.1
2016-09-16,15.1
2016-09-19,15.17
2016-09-20,15.26
2016-09-21,15.24
2016-09-22,15.24
2016-09-23,15.23
2016-09-26,15.2
2016-09-27,15.22
2016-09-28,15.35
2016-09-29,15.41
2016-09-30,15.39
2016-10-03,15.28
2016-10-04,15.22
2016-10-05,15.24
2016-10-06,15.24
2016-10-07,15.26
2016-10-11,15.28
2016-10-12,15.26
2016-10-13,15.2
2016-10-14,15.21
2016-10-17,15.16
2016-10-18,15.25
2016-10-19,15.25
2016-10-20,15.28
2016-10-21,15.26
2016-10-24,15.22
2016-10-25,15.2
2016-10-26,15.26
2016-10-27,15.26
2016-10-28,15.24
2016-10-31,15.29
2016-11-01,15.23
2016-11-02,15.16
2016-11-03,15.19
2016-11-04,15.17
2016-11-07,15.13
2016-11-08,15.16
2016-11-09,15.05
2016-11-10,15.02
2016-11-11,15.1
2016-11-14,15.47
2016-11-15,15.77
2016-11-16,15.61
2016-11-17,15.65
2016-11-18,15.62
2016-11-21,15.6
2016-11-22,15.53
2016-11-23,15.58
2016-11-29,15.65
2016-11-30,15.79
2016-12-01,15.96
2016-12-02,15.86
2016-12-05,16.02
2016-12-06,16.07
2016-12-07,15.98
2016-12-12,16.07
2016-12-13,16.12
2016-12-14,16.09
2016-12-15,16.06
2016-12-16,16.05
2016-12-19,16.09
2016-12-20,15.98
2016-12-21,15.96
2016-12-22,16.01
2016-12-23,15.87
2016-12-27,15.71
2016-12-28,15.73
2016-12-29,15.87
2017-01-03,16.09
2017-01-04,16.02
2017-01-05,16.03
2017-01-06,16.06
2017-01-09,15.91
2017-01-10,16.0
2017-01-11,15.89
2017-01-12,15.82
2017-01-13,15.84
2017-01-17,15.92
2017-01-18,16.02
2017-01-19,16.0
2017-01-20,15.96
2017-01-23,15.97
2017-01-24,15.93
2017-01-25,15.96
2017-01-26,16.0
2017-01-27,16.0
2017-01-30,16.01
2017-01-31,16.01
2017-02-01,15.96
2017-02-02,15.85
2017-02-03,15.84
2017-02-06,15.73
2017-02-07,15.79
2017-02-08,15.74
2017-02-09,15.73
2017-02-10,15.63
2017-02-13,15.6
2017-02-14,15.57
2017-02-15,15.56
2017-02-16,15.48
2017-02-17,15.49
2017-02-21,15.73
2017-02-22,15.68
2017-02-23,15.68
2017-02-24,15.62
2017-03-01,15.59
2017-03-02,15.53
2017-03-03,15.53
2017-03-06,15.58
2017-03-07,15.53
2017-03-08,15.64
2017-03-09,15.69
2017-03-10,15.62
2017-03-13,15.57
2017-03-14,15.53
2017-03-15,15.56
2017-03-16,15.63
2017-03-17,15.59
2017-03-20,15.57
2017-03-21,15.67
2017-03-22,15.63
2017-03-23,15.62
2017-03-27,15.61
2017-03-28,15.63
2017-03-29,15.59
2017-03-30,15.5
2017-03-31,15.49
2017-04-03,15.51
2017-04-04,15.49
2017-04-05,15.49
2017-04-06,15.48
2017-04-07,15.51
2017-04-10,15.46
2017-04-11,15.43
2017-04-12,15.48
2017-04-17,15.48
2017-04-18,15.48
2017-04-19,15.65
2017-04-20,15.76
2017-04-21,15.47
2017-04-24,15.53
2017-04-25,15.47
2017-04-26,15.43
2017-04-27,15.51
2017-04-28,15.48
2017-05-02,15.45
2017-05-03,15.32
2017-05-04,15.35
2017-05-05,15.39
2017-05-08,15.34
2017-05-09,15.46
2017-05-10,15.56
2017-05-11,15.5
2017-05-12,15.5
2017-05-15,15.53
2017-05-16,15.59
2017-05-17,15.63
2017-05-18,15.67
2017-05-19,15.9
2017-05-22,15.92
2017-05-23,16.21
2017-05-24,16.2
2017-05-26,16.22
2017-05-30,16.09
2017-05-31,16.22
2017-06-01,16.2
2017-06-02,16.1
2017-06-05,16.11
2017-06-06,16.11
2017-06-07,16.15
2017-06-08,16.1
2017-06-09,15.97
2017-06-12,15.9
2017-06-13,15.9
2017-06-14,15.87
2017-06-15,15.94
2017-06-16,16.0
2017-06-19,16.07
2017-06-21,16.13
2017-06-22,16.16
2017-06-23,16.15
2017-06-26,16.25
2017-06-27,16.37
2017-06-28,16.32
2017-06-29,16.41
2017-06-30,16.45
2017-07-03,16.64
2017-07-05,16.84
2017-07-06,17.09
2017-07-07,16.96
2017-07-10,16.94
2017-07-11,17.02
2017-07-12,17.14
2017-07-13,17.11
2017-07-14,17.09
2017-07-17,16.96
2017-07-18,17.0
2017-07-19,17.21
2017-07-20,17.22
2017-07-21,17.32
2017-07-24,17.55
2017-07-25,17.56
2017-07-26,17.59
2017-07-27,17.54
2017-07-28,17.81
2017-07-31,17.87
2017-08-01,17.72
2017-08-02,17.72
2017-08-03,17.64
2017-08-04,17.72
2017-08-07,17.71
2017-08-08,17.8
2017-08-09,17.83
2017-08-10,17.81
2017-08-11,17.78
2017-08-14,17.91
2017-08-15,17.21
2017-08-16,17.12
2017-08-17,17.26
2017-08-18,17.35
2017-08-22,17.3
2017-08-23,17.25
2017-08-24,17.37
2017-08-25,17.24
2017-08-28,17.24
2017-08-29,17.25
2017-08-30,17.39
2017-08-31,17.5
2017-09-01,17.4
2017-09-05,17.32
2017-09-06,17.34
2017-09-07,17.27
2017-09-08,17.25
2017-09-11,17.22
2017-09-12,17.2
2017-09-13,17.1
2017-09-14,17.12
2017-09-15,17.02
2017-09-18,17.04
2017-09-19,17.19
2017-09-20,17.19
2017-09-21,17.26
2017-09-22,17.33
2017-09-25,17.39
2017-09-26,17.55
2017-09-27,17.58
2017-09-28,17.57
2017-09-29,17.6
2017-10-02,17.41
2017-10-03,17.45
2017-10-04,17.53
2017-10-05,17.44
2017-10-06,17.44
2017-10-09,17.5
2017-10-10,17.55
2017-10-11,17.51
2017-10-12,17.54
2017-10-13,17.51
2017-10-17,17.55
2017-10-18,17.49
2017-10-19,17.38
2017-10-20,17.45
2017-10-23,17.49
2017-10-24,17.49
2017-10-25,17.48
2017-10-26,17.45
2017-10-27,17.73
2017-10-30,17.63
2017-10-31,17.73
2017-11-01,17.7
2017-11-02,17.6
2017-11-03,17.52
2017-11-07,17.67
2017-11-08,17.6
2017-11-09,17.53
2017-11-10,17.49
2017-11-13,17.4
2017-11-14,17.54
2017-11-15,17.51
2017-11-16,17.57
2017-11-17,17.68
2017-11-21,17.64
2017-11-22,17.57
2017-11-24,17.47
2017-11-27,17.5
2017-11-28,17.44
2017-11-29,17.43
2017-11-30,17.43
2017-12-01,17.42
2017-12-04,17.29
2017-12-05,17.37
2017-12-06,17.34
2017-12-07,17.31
2017-12-11,17.32
2017-12-12,17.29
2017-12-13,17.29
2017-12-14,17.38
2017-12-15,17.52
2017-12-18,17.72
2017-12-19,17.76
2017-12-20,17.84
2017-12-21,17.78
2017-12-22,17.97
2017-12-26,18.06
2017-12-27,18.31
2017-12-28,18.38
2017-12-29,18.93
2018-01-02,18.72
2018-01-03,18.38
2018-01-04,18.53
2018-01-05,18.82
2018-01-08,18.89
2018-01-09,19.12
2018-01-10,18.98
2018-01-11,18.64
2018-01-12,18.83
2018-01-16,18.78
2018-01-17,19.05
2018-01-18,18.94
2018-01-19,18.95
2018-01-22,19.02
2018-01-23,19.17
2018-01-24,19.38
2018-01-25,19.64
2018-01-26,19.64
2018-01-29,19.62
2018-01-30,19.62
2018-01-31,19.68
2018-02-01,19.7
2018-02-02,19.49
2018-02-05,19.51
2018-02-06,19.48
2018-02-07,19.58
2018-02-08,19.7
2018-02-09,20.0
2018-02-14,20.03
2018-02-15,20.15
2018-02-16,20.03
2018-02-20,20.11
2018-02-21,19.98
2018-02-22,20.01
2018-02-23,20.06
2018-02-26,20.03
2018-02-27,20.32
2018-02-28,20.31
2018-03-01,20.16
2018-03-02,20.38
2018-03-05,20.43
2018-03-06,20.33
2018-03-07,20.41
2018-03-08,20.42
2018-03-09,20.45
2018-03-12,20.32
2018-03-13,20.29
2018-03-14,20.25
2018-03-15,20.22
2018-03-16,20.29
2018-03-19,20.23
2018-03-20,20.13
2018-03-21,20.27
2018-03-22,20.29
2018-03-23,20.3
2018-03-26,20.29
2018-03-27,20.19
2018-03-28,20.15
2018-04-03,20.2
2018-04-04,20.18
2018-04-05,20.21
2018-04-06,20.22
2018-04-09,20.25
2018-04-10,20.3
2018-04-11,20.2
2018-04-12,20.19
2018-04-13,20.19
2018-04-16,20.21
2018-04-17,20.18
2018-04-18,20.19
2018-04-19,20.14
2018-04-20,20.23
2018-04-23,20.24
2018-04-24,20.26
2018-04-25,20.23
2018-04-26,20.22
2018-04-27,20.83
2018-05-02,20.66
2018-05-03,21.29
2018-05-04,22.75
2018-05-07,22.03
2018-05-08,22.38
2018-05-09,22.38
2018-05-10,22.68
2018-05-11,22.6
2018-05-14,24.13
2018-05-15,25.73
2018-05-16,24.8
2018-05-17,24.91
2018-05-18,24.91
2018-05-21,24.91
2018-05-22,24.49
2018-05-23,24.32
2018-05-24,24.42
2018-05-29,24.74
2018-05-30,24.93
2018-05-31,24.96
2018-06-01,25.02
2018-06-04,25.17
2018-06-05,24.99
2018-06-06,25.12
2018-06-07,25.05
2018-06-08,25.03
2018-06-11,25.49
2018-06-12,26.05
2018-06-13,26.7
2018-06-14,26.27
2018-06-15,28.18
2018-06-18,28.51
2018-06-19,27.6
2018-06-21,28.23
2018-06-22,28.07
2018-06-25,27.36
2018-06-26,27.19
2018-06-27,27.29
2018-06-28,27.29
2018-06-29,28.23
2018-07-02,28.64
2018-07-03,28.67
2018-07-05,27.98
2018-07-06,28.27
2018-07-10,28.05
2018-07-11,27.29
2018-07-12,27.43
2018-07-13,27.28
2018-07-16,27.28
2018-07-17,27.31
2018-07-18,27.62
2018-07-19,27.72
2018-07-20,27.74
2018-07-23,27.69
2018-07-24,27.73
2018-07-25,27.48
2018-07-26,27.4
2018-07-27,27.47
2018-07-30,27.37
2018-07-31,27.33
2018-08-01,27.45
2018-08-02,27.64
2018-08-03,27.43
2018-08-06,27.3
2018-08-07,27.31
2018-08-08,27.28
2018-08-09,27.65
2018-08-10,28.1
2018-08-13,29.55
2018-08-14,30.21
2018-08-15,29.9
2018-08-16,30.33
2018-08-17,30.03
2018-08-21,30.05
2018-08-22,30.06
2018-08-23,30.32
2018-08-24,30.56
2018-08-27,30.94
2018-08-28,31.17
2018-08-29,31.81
2018-08-30,33.76
2018-08-31,39.5
2018-09-04,37.87
2018-09-05,39.19
2018-09-06,37.72
2018-09-07,37.72
2018-09-10,37.19
2018-09-11,37.6
2018-09-12,38.19
2018-09-13,38.64
2018-09-14,39.91
2018-09-17,40.07
2018-09-18,39.8
2018-09-19,40.14
2018-09-20,39.5
2018-09-21,38.17
2018-09-24,37.31
2018-09-25,37.48
2018-09-26,38.38
2018-09-27,38.48
2018-09-28,39.77
2018-10-01,41.41
2018-10-02,39.53
2018-10-03,38.15
2018-10-04,37.73
2018-10-08,37.82
2018-10-09,37.42
2018-10-10,37.08
2018-10-11,37.51
2018-10-12,36.87
2018-10-16,37.14
2018-10-17,36.2
2018-10-18,36.31
2018-10-19,36.83
2018-10-22,36.62
2018-10-23,36.68
2018-10-24,36.9
2018-10-25,37.35
2018-10-26,36.91
2018-10-29,36.81
2018-10-30,37.08
2018-10-31,36.68
2018-11-01,35.85
2018-11-02,35.94
2018-11-03,35.64
2018-11-04,35.64
2018-11-05,35.57
2018-11-06,35.72
2018-11-07,35.72
2018-11-08,35.75
2018-11-09,35.71
2018-11-10,35.67
2018-11-11,35.67
2018-11-12,35.6
2018-11-13,35.44
2018-11-14,35.44
2018-11-15,36.08
2018-11-16,36.08
2018-11-17,36.16
2018-11-18,36.16
2018-11-19,36.16
2018-11-20,36.01
2018-11-21,36.23
2018-11-22,36.56
2018-11-23,36.23
2018-11-24,37.81
2018-11-25,37.81
2018-11-26,37.81
2018-11-27,38.72
2018-11-28,38.59
2018-11-29,38.58
2018-11-30,37.68
2018-12-01,37.68
2018-12-02,37.68
2018-12-03,37.69
2018-12-04,36.61
2018-12-05,37.63
2018-12-06,37.4
2018-12-07,38.03
2018-12-08,37.59
2018-12-09,37.59
2018-12-10,37.64
2018-12-11,37.65
2018-12-12,37.65
2018-12-13,37.59
2018-12-14,37.84
2018-12-15,38.54
2018-12-16,38.54
2018-12-17,38.57
2018-12-18,38.57
2018-12-19,38.49
2018-12-20,38.61
2018-12-21,38.59
2018-12-22,38.06
2018-12-23,38.06
2018-12-24,38.06
2018-12-25,38.06
2018-12-26,38.1
2018-12-27,38.46
2018-12-28,38.54
2018-12-29,38.04
2018-12-30,38.04
2018-12-31,38.04
2019-01-01,38.04
2019-01-02,37.81
2019-01-03,37.81
2019-01-04,37.61
2019-01-05,37.55
2019-01-06,37.55
2019-01-07,37.47
2019-01-08,37.5
2019-01-09,37.51
2019-01-10,37.46
2019-01-11,37.24
2019-01-12,37.01
2019-01-13,37.01
2019-01-14,37.09
2019-01-15,36.89
2019-01-16,37.09
2019-01-17,37.62
2019-01-18,37.9
2019-01-19,37.86
2019-01-20,37.86
2019-01-21,37.76
2019-01-22,37.78
2019-01-23,37.63
2019-01-24,37.63
2019-01-25,37.48
2019-01-26,37.62
2019-01-27,37.62
2019-01-28,37.01
2019-01-29,37.08
2019-01-30,37.5
2019-01-31,37.41
2019-02-01,37.45
2019-02-02,37.54
2019-02-03,37.54
2019-02-04,37.31
2019-02-05,37.13
2019-02-06,37.15
2019-02-07,37.48
2019-02-08,37.76
2019-02-09,37.89
2019-02-10,37.89
2019-02-11,37.85
2019-02-12,38.05
2019-02-13,38.02
2019-02-14,38.23
2019-02-15,38.35
2019-02-16,38.75
2019-02-17,38.75
2019-02-18,38.81
2019-02-19,39.32
2019-02-20,39.96
2019-02-21,39.96
2019-02-22,39.76
2019-02-23,39.45
2019-02-24,39.45
2019-02-25,39.34
2019-02-26,39.19
2019-02-27,39.09
2019-02-28,39.04
2019-03-01,39.35
2019-03-02,40.01
2019-03-03,40.01
2019-03-04,40.01
2019-03-05,40.01
2019-03-06,40.31
2019-03-07,40.76
2019-03-08,42.8
2019-03-09,41.41
2019-03-10,41.41
2019-03-11,41.43
2019-03-12,41.32
2019-03-13,41.39
2019-03-14,41.27
2019-03-15,40.8
2019-03-16,39.91
2019-03-17,39.91
2019-03-18,40.13
2019-03-19,40.02
2019-03-20,40.31
2019-03-21,40.74
2019-03-22,40.96
2019-03-23,42.14
2019-03-24,42.14
2019-03-25,42.07
2019-03-26,42.04
2019-03-27,42.58
2019-03-28,43.92
2019-03-29,43.67
2019-03-30,43.67
2019-03-31,43.67
2019-04-01,43.53
2019-04-02,42.79
2019-04-03,43.27
2019-04-04,42.71
2019-04-05,43.4
2019-04-06,43.85
2019-04-07,43.85
2019-04-08,43.49
2019-04-09,43.49
2019-04-10,43.41
2019-04-11,43.05
2019-04-12,42.97
2019-04-13,42.45
2019-04-14,42.45
2019-04-15,42.26
2019-04-16,41.77
2019-04-17,43.06
2019-04-18,42.38
2019-04-19,42.38
2019-04-20,42.38
2019-04-21,42.38
2019-04-22,42.36
2019-04-23,42.68
2019-04-24,42.43
2019-04-25,44.54
2019-04-26,45.1
2019-04-27,46.3
2019-04-28,46.3
2019-04-29,46.46
2019-04-30,46.46
2019-05-01,44.32
2019-05-02,44.38
2019-05-03,44.99
2019-05-04,44.45
2019-05-05,44.45
2019-05-06,44.66
2019-05-07,44.93
2019-05-08,45.43
2019-05-09,45.42
2019-05-10,45.24
2019-05-11,44.8
2019-05-12,44.8
2019-05-13,45.07
2019-05-14,45.36
2019-05-15,45.85
2019-05-16,44.97
2019-05-17,45.12
2019-05-18,45.27
2019-05-19,45.27
2019-05-20,45.31
2019-05-21,45.4
2019-05-22,44.92
2019-05-23,44.92
2019-05-24,45.31
2019-05-25,44.7
2019-05-26,44.7
2019-05-27,44.89
2019-05-28,45.16
2019-05-29,44.88
2019-05-30,44.78
2019-05-31,44.86
2019-06-01,44.78
2019-06-02,44.78
2019-06-03,44.84
2019-06-04,44.87
2019-06-05,44.49
2019-06-06,44.74
2019-06-07,44.95
2019-06-08,44.85
2019-06-09,44.85
2019-06-10,44.96
2019-06-11,44.78
2019-06-12,44.1
2019-06-13,42.93
2019-06-14,43.56
2019-06-15,44.18
2019-06-16,44.18
2019-06-17,44.18
2019-06-18,44.26
2019-06-19,43.72
2019-06-20,43.29
2019-06-21,43.5
2019-06-22,42.99
2019-06-23,42.99
2019-06-24,43.02
2019-06-25,42.68
2019-06-26,42.6
2019-06-27,42.74
2019-06-28,43.07
2019-06-29,42.56
2019-06-30,42.56
2019-07-01,43.05
2019-07-02,42.46
2019-07-03,42.25
2019-07-04,41.88
2019-07-05,42.29
2019-07-06,41.85
2019-07-07,41.85
2019-07-08,41.85
2019-07-09,41.85
2019-07-10,42.21
2019-07-11,41.95
2019-07-12,41.92
2019-07-13,41.61
2019-07-14,41.61
2019-07-15,41.94
2019-07-16,42.44
2019-07-17,42.82
2019-07-18,42.64
2019-07-19,42.62
2019-07-20,42.14
2019-07-21,42.14
2019-07-22,42.62
2019-07-23,42.47
2019-07-24,42.98
2019-07-25,43.41
2019-07-26,43.79
2019-07-27,43.64
2019-07-28,43.64
2019-07-29,43.51
2019-07-30,43.88
2019-07-31,44.04
2019-08-01,44.78
2019-08-02,44.78
2019-08-03,44.63
2019-08-04,44.63
2019-08-05,45.04
2019-08-06,45.75
2019-08-07,45.78
2019-08-08,45.66
2019-08-09,45.51
2019-08-10,45.28
2019-08-11,45.28
2019-08-12,46.19
2019-08-13,55.39
2019-08-14,57.5
2019-08-15,60.95
2019-08-16,58.15
2019-08-17,55.87
2019-08-18,55.87
2019-08-19,55.87
2019-08-20,56.87
2019-08-21,56.23
2019-08-22,55.56
2019-08-23,55.32
2019-08-24,54.7
2019-08-25,54.7
2019-08-26,55.56
2019-08-27,55.94
2019-08-28,57.15
2019-08-29,60.87
2019-08-30,59.68
2019-08-31,63.3
2019-09-01,63.3
2019-09-02,65.22
2019-09-03,61.87
2019-09-04,62.06
2019-09-05,61.8
2019-09-06,61.96
2019-09-07,61.5
2019-09-08,61.5
2019-09-09,64.74
2019-09-10,64.06
2019-09-11,66.24
2019-09-12,67.62
2019-09-13,68.78
2019-09-14,73.21
2019-09-15,73.21
2019-09-16,71.23
2019-09-17,69.03
2019-09-18,68.65
2019-09-19,69.4
2019-09-20,68.87
2019-09-21,67.95
2019-09-22,67.95
2019-09-23,68.29
2019-09-24,67.45
2019-09-25,65.93
2019-09-26,63.76
2019-09-27,64.09
2019-09-28,61.44
2019-09-29,61.44
2019-09-30,62.58
2019-10-01,63.31
2019-10-02,66.08
2019-10-03,67.91
2019-10-04,65.71
2019-10-05,67.19
2019-10-06,67.19
2019-10-07,66.97
2019-10-08,64.68
2019-10-09,67.34
2019-10-10,68.16
2019-10-11,68.23
2019-10-12,68.65
2019-10-13,68.65
2019-10-14,68.65
2019-10-15,68.45
2019-10-16,68.65
2019-10-17,69.31
2019-10-18,73.83
2019-10-19,73.51
2019-10-20,73.51
2019-10-21,73.83
2019-10-22,75.17
2019-10-23,79.59
2019-10-24,77.38
2019-10-25,79.62
2019-10-26,81.08
2019-10-27,81.08
2019-10-28,81.08
2019-10-29,81.53
2019-10-30,75.7
2019-10-31,78.54
2019-11-01,79.97
2019-11-02,80.0
2019-11-03,80.0
2019-11-04,80.0
2019-11-05,79.03
2019-11-06,78.79
2019-11-07,78.49
2019-11-08,78.22
2019-11-09,78.21
2019-11-10,78.21
2019-11-11,78.2
2019-11-12,77.12
2019-11-13,78.11
2019-11-14,75.97
2019-11-15,76.77
2019-11-16,75.44
2019-11-17,75.44
2019-11-18,75.44
2019-11-19,75.67
2019-11-20,75.84
2019-11-21,75.34
2019-11-22,75.02
2019-11-23,74.85
2019-11-24,74.85
2019-11-25,75.02
2019-11-26,74.82
2019-11-27,72.27
2019-11-28,72.84
2019-11-29,73.49
2019-11-30,74.81
2019-12-01,74.81
2019-12-02,74.33
2019-12-03,75.01
2019-12-04,74.64
2019-12-05,76.39
2019-12-06,79.13
2019-12-07,79.01
2019-12-08,79.01
2019-12-09,78.88
2019-12-10,76.6
2019-12-11,74.19
2019-12-12,75.96
2019-12-13,73.18
2019-12-14,74.07
2019-12-15,74.07
2019-12-16,74.07
2019-12-17,76.03
2019-12-18,74.18
2019-12-19,72.87
2019-12-20,72.63
2019-12-21,72.82
2019-12-22,72.82
2019-12-23,72.82
2019-12-24,73.44
2019-12-25,73.44
2019-12-26,73.43
2019-12-27,72.94
2019-12-28,73.55
2019-12-29,73.55
2019-12-30,73.55
2019-12-31,74.41
2020-01-01,74.41
2020-01-02,74.41
2020-01-03,75.06
2020-01-04,78.0
2020-01-05,78.0
2020-01-06,78.0
2020-01-07,77.87
2020-01-08,77.54
2020-01-09,78.27
2020-01-10,77.86
2020-01-11,79.61
2020-01-12,79.61
2020-01-13,79.61
2020-01-14,80.9
2020-01-15,81.09
2020-01-16,80.84
2020-01-17,81.81
2020-01-18,80.44
2020-01-19,80.44
2020-01-20,80.44
2020-01-21,81.05
2020-01-22,81.66
2020-01-23,81.64
2020-01-24,84.0
2020-01-25,83.29
2020-01-26,83.29
2020-01-27,83.29
2020-01-28,83.54
2020-01-29,84.63
2020-01-30,84.11
2020-01-31,84.88
2020-02-01,85.41
2020-02-02,85.41
2020-02-03,85.41
2020-02-04,84.45
2020-02-05,84.82
2020-02-06,84.83
2020-02-07,84.24
2020-02-08,84.62
2020-02-09,84.62
2020-02-10,84.62
2020-02-11,84.03
2020-02-12,83.74
2020-02-13,82.47
2020-02-14,83.45
2020-02-15,83.23
2020-02-16,83.23
2020-02-17,83.23
2020-02-18,82.92
2020-02-19,81.5
2020-02-20,81.74
2020-02-21,81.36
2020-02-22,80.57
2020-02-23,80.57
2020-02-24,80.57
2020-02-25,80.57
2020-02-26,80.57
2020-02-27,80.68
2020-02-28,80.56
2020-02-29,82.03
2020-03-01,82.03
2020-03-02,82.03
2020-03-03,82.48
2020-03-04,82.01
2020-03-05,81.55
2020-03-06,81.95
2020-03-07,83.22
2020-03-08,83.22
2020-03-09,83.22
2020-03-10,86.49
2020-03-11,84.85
2020-03-12,87.1
2020-03-13,89.04
2020-03-14,89.15
2020-03-15,89.15
2020-03-16,89.15
2020-03-17,89.31
2020-03-18,88.19
2020-03-19,89.53
2020-03-20,89.93
2020-03-21,91.6
2020-03-22,91.6
2020-03-23,91.6
2020-03-24,91.6
2020-03-25,87.99
2020-03-26,84.36
2020-03-27,86.49
2020-03-28,86.49
2020-03-29,86.49
2020-03-30,86.92
2020-03-31,86.92
2020-04-01,87.92
2020-04-02,88.81
2020-04-03,89.09
2020-04-04,89.09
2020-04-05,89.09
2020-04-06,90.78
2020-04-07,90.44
2020-04-08,94.69
2020-04-09,94.69
2020-04-10,94.69
2020-04-11,94.69
2020-04-12,94.69
2020-04-13,102.21
2020-04-14,107.42
2020-04-15,108.79
2020-04-16,102.1
2020-04-17,102.64
2020-04-18,102.64
2020-04-19,102.64
2020-04-20,105.27
2020-04-21,109.56
2020-04-22,111.11
2020-04-23,111.57
2020-04-24,112.02
2020-04-25,112.02
2020-04-26,112.02
2020-04-27,115.09
2020-04-28,119.64
2020-04-29,109.76
2020-04-30,114.65
2020-05-01,114.65
2020-05-02,114.65
2020-05-03,114.65
2020-05-04,112.56
2020-05-05,119.91
2020-05-06,118.43
2020-05-07,117.81
2020-05-08,115.35
2020-05-09,115.35
2020-05-10,115.35
2020-05-11,118.53
2020-05-12,121.96
2020-05-13,125.76
2020-05-14,122.83
2020-05-15,121.32
2020-05-16,121.32
2020-05-17,121.32
2020-05-18,118.78
2020-05-19,118.38
2020-05-20,119.51
2020-05-21,117.42
2020-05-22,113.92
2020-05-23,113.92
2020-05-24,113.92
2020-05-25,113.92
2020-05-26,110.64
2020-05-27,109.84
2020-05-28,112.69
2020-05-29,113.42
2020-05-30,113.42
2020-05-31,113.42
2020-06-01,114.08
2020-06-02,114.05
2020-06-03,114.71
2020-06-04,114.41
2020-06-05,115.34
2020-06-06,115.34
2020-06-07,115.34
2020-06-08,116.37
2020-06-09,116.08
2020-06-10,114.4
2020-06-11,112.27
2020-06-12,109.27
2020-06-13,109.27
2020-06-14,109.27
2020-06-15,109.27
2020-06-16,109.12
2020-06-17,107.68
2020-06-18,109.81
2020-06-19,110.0
2020-06-20,110.0
2020-06-21,110.0
2020-06-22,105.49
2020-06-23,108.58
2020-06-24,108.03
2020-06-25,106.1
2020-06-26,105.7
2020-06-27,105.7
2020-06-28,105.7
2020-06-29,104.07
2020-06-30,104.14
2020-07-01,108.1
2020-07-02,109.73
2020-07-03,108.55
2020-07-04,108.55
2020-07-05,108.55
2020-07-06,108.11
2020-07-07,109.48
2020-07-08,109.12
2020-07-09,109.12
2020-07-10,109.12
2020-07-11,109.12
2020-07-12,109.12
2020-07-13,111.73
2020-07-14,113.06
2020-07-15,113.37
2020-07-16,113.62
2020-07-17,117.86
2020-07-18,117.86
2020-07-19,117.86
2020-07-20,119.2
2020-07-21,118.89
2020-07-22,116.91
2020-07-23,114.39
2020-07-24,117.48
2020-07-25,117.48
2020-07-26,117.48
2020-07-27,117.98
2020-07-28,118.48
2020-07-29,118.26
2020-07-30,121.41
2020-07-31,124.1
2020-08-01,124.1
2020-08-02,124.1
2020-08-03,122.0
2020-08-04,119.18
2020-08-05,119.46
2020-08-06,123.53
2020-08-07,126.56
2020-08-08,126.56
2020-08-09,126.56
2020-08-10,128.35
2020-08-11,127.77
2020-08-12,130.05
2020-08-13,130.22
2020-08-14,126.8
2020-08-15,126.8
2020-08-16,126.8
2020-08-17,126.8
2020-08-18,129.06
2020-08-19,131.4
2020-08-20,132.94
2020-08-21,135.0
2020-08-22,135.0
2020-08-23,135.0
2020-08-24,132.95
2020-08-25,130.54
2020-08-26,128.42
2020-08-27,125.57
2020-08-28,125.84
2020-08-29,125.84
2020-08-30,125.84
2020-08-31,125.79
2020-09-01,130.78
2020-09-02,129.51
2020-09-03,123.81
2020-09-04,128.49
2020-09-05,128.49
2020-09-06,128.49
2020-09-07,125.88
2020-09-08,119.32
2020-09-09,120.22
2020-09-10,120.91
2020-09-11,126.36
2020-09-12,126.36
2020-09-13,126.36
2020-09-14,130.3
2020-09-15,128.29
2020-09-16,131.9
2020-09-17,132.4
2020-09-18,137.76
2020-09-21,139.44
2020-09-22,145.69
2020-09-23,151.42
2020-09-24,145.79
2020-09-25,145.73
2020-09-28,145.85
2020-09-29,148.3
2020-09-30,146.65
2020-10-01,147.42
2020-10-02,151.13
2020-10-05,153.81
2020-10-06,153.25
2020-10-07,152.64
2020-10-08,153.98
2020-10-09,158.14
2020-10-13,160.34
2020-10-14,167.1
2020-10-15,171.03
2020-10-16,169.6
2020-10-19,165.16
2020-10-20,172.64
2020-10-21,182.39
2020-10-22,184.49
2020-10-23,183.59
2020-10-26,169.18
2020-10-27,165.83
2020-10-28,158.15
2020-10-29,159.83
2020-10-30,153.14
2020-11-02,152.82
2020-11-03,153.9
2020-11-04,153.55
2020-11-05,154.63
2020-11-06,150.35
2020-11-09,149.8
2020-11-10,148.3
2020-11-11,151.74
2020-11-12,149.97
2020-11-13,148.74
2020-11-16,148.56
2020-11-17,149.96
2020-11-18,152.06
2020-11-19,152.17
2020-11-20,154.26
2020-11-24,151.07
2020-11-25,151.62
2020-11-27,153.13
2020-11-30,150.86
2020-12-01,149.4
2020-12-02,146.8
2020-12-03,146.74
2020-12-04,144.1
2020-12-09,142.6
2020-12-10,141.38
2020-12-14,143.51
2020-12-15,143.39
2020-12-16,143.19
2020-12-17,143.04
2020-12-18,140.98
2020-12-21,138.8
2020-12-22,141.63
2020-12-23,143.46
2020-12-28,142.96
2020-12-29,143.77
2020-12-30,144.43
2021-01-04,146.68
2021-01-05,148.71
2021-01-06,148.46
2021-01-07,148.44
2021-01-08,149.81
2021-01-11,150.65
2021-01-12,150.65
2021-01-13,151.44
2021-01-14,150.86
2021-01-15,151.39
2021-01-18,151.69
2021-01-19,150.67
2021-01-20,151.13
2021-01-21,152.55
2021-01-22,152.94
2021-01-25,152.56
2021-01-26,153.45
2021-01-27,153.87
2021-01-28,155.34
2021-01-29,154.41
2021-02-01,154.69
2021-02-02,155.82
2021-02-03,156.25
2021-02-04,156.43
2021-02-05,155.94
2021-02-08,155.11
2021-02-09,155.58
2021-02-10,155.9
2021-02-11,152.39
2021-02-12,150.64
2021-02-17,148.35
2021-02-18,145.18
2021-02-19,143.41
2021-02-22,142.64
2021-02-23,143.66
2021-02-24,145.86
2021-02-25,147.26
2021-02-26,150.77
2021-03-01,150.35
2021-03-02,152.2
2021-03-03,153.06
2021-03-04,151.56
2021-03-05,151.6
2021-03-08,153.56
2021-03-09,154.44
2021-03-10,150.86
2021-03-11,150.56
2021-03-12,150.62
2021-03-15,151.48
2021-03-16,151.06
2021-03-17,151.91
2021-03-18,151.28
2021-03-19,149.01
2021-03-22,148.95
2021-03-23,149.23
2021-03-25,147.25
2021-03-26,145.22
2021-03-29,144.43
2021-03-30,146.17
2021-03-31,147.33
2021-04-05,148.47
2021-04-06,150.45
2021-04-07,150.85
2021-04-08,151.39
2021-04-09,151.33
2021-04-12,150.83
2021-04-13,151.63
2021-04-14,151.88
2021-04-15,152.07
2021-04-16,151.99
2021-04-19,151.81
2021-04-20,153.55
2021-04-21,153.13
2021-04-22,152.05
2021-04-23,154.26
2021-04-26,155.14
2021-04-27,155.94
2021-04-28,157.31
2021-04-29,158.37
2021-04-30,157.47
2021-05-03,159.65
2021-05-04,159.68
2021-05-05,159.58
2021-05-06,158.55
2021-05-07,159.15
2021-05-10,158.06
2021-05-11,156.89
2021-05-12,157.72
2021-05-13,160.28
2021-05-14,159.01
2021-05-17,160.87
2021-05-18,162.45
2021-05-19,162.91
2021-05-20,164.64
2021-05-21,165.32
2021-05-26,165.08
2021-05-27,164.35
2021-05-28,165.49
2021-05-31,169.24
2021-06-01,166.83
2021-06-02,168.0
2021-06-03,167.06
2021-06-04,167.21
2021-06-07,167.07
2021-06-08,167.33
2021-06-09,166.49
2021-06-10,164.92
2021-06-11,164.66
2021-06-14,163.91
2021-06-15,165.63
2021-06-16,165.89
2021-06-17,167.59
2021-06-18,167.24
2021-06-22,169.08
2021-06-23,169.13
2021-06-24,168.87
2021-06-25,170.82
2021-06-28,170.34
2021-06-29,169.98
2021-06-30,171.84
2021-07-01,172.1
2021-07-02,172.71
2021-07-05,176.17
2021-07-06,174.46
2021-07-07,174.66
2021-07-08,174.26
2021-07-12,171.73
2021-07-13,171.92
2021-07-14,173.0
2021-07-15,174.03
2021-07-16,175.44
2021-07-19,178.2
2021-07-20,178.98
2021-07-21,179.13
2021-07-22,180.01
2021-07-23,179.88
2021-07-26,180.64
2021-07-27,180.71
2021-07-28,181.31
2021-07-29,181.3
2021-07-30,181.92
2021-08-02,181.74
2021-08-03,180.56
2021-08-04,179.23
2021-08-05,179.69
2021-08-06,178.39
2021-08-09,177.46
2021-08-10,176.33
2021-08-11,177.52
2021-08-12,175.71
2021-08-13,178.97
2021-08-17,177.07
2021-08-18,177.04
2021-08-19,179.66
2021-08-20,179.6
2021-08-23,177.45
2021-08-24,176.49
2021-08-25,176.61
2021-08-26,177.35
2021-08-27,177.72
2021-08-30,175.73
2021-08-31,177.01
2021-09-01,177.68
2021-09-02,177.69
2021-09-03,177.98
2021-09-06,181.17
2021-09-07,178.15
2021-09-08,178.48
2021-09-09,181.7
2021-09-10,183.42
2021-09-13,178.04
2021-09-14,179.48
2021-09-15,180.61
2021-09-16,180.62
2021-09-17,182.28
2021-09-20,185.38
2021-09-21,186.86
2021-09-22,188.39
2021-09-23,190.6
2021-09-24,192.24
2021-09-27,193.99
2021-09-28,194.67
2021-09-29,194.34
2021-09-30,192.15
2021-10-01,192.62
2021-10-04,192.82
2021-10-05,190.37
2021-10-06,190.89
2021-10-07,192.05
2021-10-12,191.59
2021-10-13,191.6
2021-10-14,192.94
2021-10-15,193.47
2021-10-18,194.43
2021-10-19,195.89
2021-10-20,195.88
2021-10-21,198.07
2021-10-22,200.51
2021-10-25,200.21
2021-10-26,201.49
2021-10-27,202.0
2021-10-28,205.03
2021-10-29,210.13
2021-11-01,214.84
2021-11-02,216.98
2021-11-03,215.85
2021-11-04,216.65
2021-11-05,218.07
2021-11-08,216.4
2021-11-09,212.43
2021-11-10,213.81
2021-11-11,214.71
2021-11-12,216.88
2021-11-15,208.67
2021-11-16,211.85
2021-11-17,212.66
2021-11-18,213.32
2021-11-19,215.99
2021-11-23,216.71
2021-11-24,216.04
2021-11-25,213.78
2021-11-26,211.66
2021-11-29,210.79
2021-11-30,216.49
2021-12-01,220.41
2021-12-02,219.71
2021-12-03,218.34
2021-12-06,219.77
2021-12-07,216.63
2021-12-09,211.27
2021-12-10,208.29
2021-12-13,204.03
2021-12-14,204.54
2021-12-15,199.79
2021-12-16,201.28
2021-12-17,206.41
2021-12-20,206.18
2021-12-21,208.37
2021-12-22,207.5
2021-12-23,203.44
2021-12-27,198.93
2021-12-28,198.07
2021-12-29,200.64
2021-12-30,202.78
2022-01-03,204.09
2022-01-04,205.63
2022-01-05,208.01
2022-01-06,211.68
2022-01-07,212.08
2022-01-10,213.3
2022-01-11,209.84
2022-01-12,208.5
2022-01-13,208.66
2022-01-14,207.81
2022-01-17,210.25
2022-01-18,211.08
2022-01-19,214.34
2022-01-20,222.3
2022-01-21,225.1
2022-01-24,222.73
2022-01-25,228.77
2022-01-26,230.96
2022-01-27,234.24
2022-01-28,223.25
2022-01-31,222.96
2022-02-01,222.09
2022-02-02,218.45
2022-02-03,220.09
2022-02-04,220.47
2022-02-07,218.91
2022-02-08,215.04
2022-02-09,213.55
2022-02-10,215.38
2022-02-11,215.83
2022-02-14,213.62
2022-02-15,212.08
2022-02-16,210.71
2022-02-17,210.56
2022-02-18,207.47
2022-02-21,205.71
2022-02-22,200.95
2022-02-23,203.24
2022-02-24,200.3
2022-02-25,199.6
2022-03-02,202.83
2022-03-03,201.58
2022-03-04,201.17
2022-03-07,198.92
2022-03-11,191.08
2022-03-14,187.69
2022-03-15,189.91
2022-03-16,194.96
2022-03-17,195.87
2022-03-18,196.59
2022-03-21,197.59
2022-03-22,200.74
2022-03-23,201.37
2022-03-25,199.5
2022-03-28,195.98
2022-03-29,191.52
2022-03-30,191.89
2022-03-31,191.33
2022-04-01,190.0
2022-04-04,189.56
2022-04-05,189.69
2022-04-06,189.62
2022-04-07,191.6
2022-04-08,190.39
2022-04-11,191.15
2022-04-12,190.75
2022-04-13,190.75
2022-04-18,188.74
2022-04-19,191.26
2022-04-20,195.95
2022-04-21,204.05
2022-04-22,209.96
2022-04-25,209.66
2022-04-26,214.03
2022-04-27,210.07
2022-04-28,205.85
2022-04-29,207.36
2022-05-02,210.36
2022-05-03,207.0
2022-05-04,204.67
2022-05-05,205.82
2022-05-06,208.84
2022-05-09,207.63
2022-05-10,209.19
2022-05-11,207.94
2022-05-12,209.81
2022-05-13,213.44
2022-05-16,213.54
2022-05-17,210.74
2022-05-19,210.13
2022-05-20,211.22
2022-05-23,210.75
2022-05-24,212.75
2022-05-26,214.35
2022-05-27,212.08
2022-05-30,213.47
2022-05-31,211.27
2022-06-01,210.92
2022-06-02,209.28
2022-06-03,209.39
2022-06-06,210.47
2022-06-07,209.57
2022-06-08,210.61
2022-06-09,220.83
2022-06-10,228.91
2022-06-13,240.83
2022-06-14,241.2
2022-06-15,238.81
2022-06-16,241.2
2022-06-21,241.35
2022-06-22,237.86
2022-06-23,237.11
2022-06-24,237.07
2022-06-27,244.83
2022-06-28,249.92
2022-06-29,249.72
2022-06-30,253.14
2022-07-01,251.86
2022-07-04,280.95
2022-07-05,276.83
2022-07-06,280.2
2022-07-07,297.17
2022-07-08,303.14
2022-07-11,298.94
2022-07-12,291.97
2022-07-13,292.08
2022-07-14,296.6
2022-07-15,300.64
2022-07-18,304.66
2022-07-19,307.97
2022-07-20,311.75
2022-07-21,333.65
2022-07-22,325.42
2022-07-25,329.39
2022-07-26,333.06
2022-07-27,332.65
2022-07-28,314.59
2022-07-29,289.11
2022-08-01,281.77
2022-08-02,288.07
2022-08-03,288.92
2022-08-04,293.31
2022-08-05,285.54
2022-08-08,284.74
2022-08-09,287.31
2022-08-10,287.86
2022-08-11,285.04
2022-08-12,286.11
2022-08-16,282.06
2022-08-17,286.91
2022-08-18,294.5
2022-08-19,301.67
2022-08-22,298.4
2022-08-23,299.67
2022-08-24,299.1
2022-08-25,295.93
2022-08-26,289.2
2022-08-30,295.49
2022-08-31,295.9
2022-09-01,289.76
2022-09-02,293.79
2022-09-05,283.65
2022-09-06,285.06
2022-09-07,282.46
2022-09-08,283.64
2022-09-09,281.61
2022-09-12,280.6
2022-09-13,280.59
2022-09-14,283.72
2022-09-15,295.78
2022-09-16,300.89
2022-09-19,303.93
2022-09-20,302.17
2022-09-21,307.45
2022-09-22,314.8
2022-09-23,311.56
2022-09-26,311.34
2022-09-27,307.91
2022-09-28,307.13
2022-09-29,306.08
2022-09-30,310.92
2022-10-03,309.4
2022-10-04,309.53
2022-10-05,310.77
2022-10-06,307.38
2022-10-11,305.66
2022-10-12,307.4
2022-10-13,313.94
2022-10-14,313.11
2022-10-17,308.09
2022-10-18,304.13
2022-10-19,303.03
2022-10-20,304.01
2022-10-21,303.7
2022-10-24,303.96
2022-10-25,305.82
2022-10-26,305.93
2022-10-27,307.48
2022-10-28,305.8
2022-10-31,307.3
2022-11-01,303.67
2022-11-02,303.38
2022-11-03,304.93
2022-11-04,304.55
2022-11-07,303.11
2022-11-08,304.99
2022-11-09,306.28
2022-11-10,309.08
2022-11-11,310.08
2022-11-14,310.89
2022-11-15,319.12
2022-11-16,324.62
2022-11-17,334.79
2022-11-18,332.24
2022-11-22,330.95
2022-11-23,325.72
2022-11-24,322.61
2022-11-25,323.02
2022-11-28,322.49
2022-11-29,322.74
2022-11-30,322.75
2022-12-01,323.72
2022-12-02,327.0
2022-12-05,330.47
2022-12-06,340.4
2022-12-07,338.09
2022-12-12,332.38
2022-12-13,333.68
2022-12-14,330.13
2022-12-15,332.67
2022-12-16,332.31
2022-12-19,332.43
2022-12-20,331.58
2022-12-21,332.95
2022-12-22,333.48
2022-12-23,333.16
2022-12-26,334.85
2022-12-27,337.49
2022-12-28,346.15
2022-12-29,340.5
2022-12-30,344.13
2023-01-02,344.88
2023-01-03,344.44
2023-01-04,339.48
2023-01-05,342.16
2023-01-06,338.92
2023-01-09,333.97
2023-01-10,331.97
2023-01-11,336.96
2023-01-12,343.57
2023-01-13,349.26
2023-01-16,356.38
2023-01-17,362.19
2023-01-18,351.82
2023-01-19,355.41
2023-01-20,360.98
2023-01-23,363.19
2023-01-24,360.03
2023-01-25,365.99
2023-01-26,369.39
2023-01-27,370.39
2023-01-30,369.52
2023-01-31,367.42
2023-02-01,367.07
2023-02-02,366.83
2023-02-03,362.95
2023-02-06,365.71
2023-02-07,366.16
2023-02-08,366.13
2023-02-09,371.6
2023-02-10,371.23
2023-02-13,370.87
2023-02-14,369.82
2023-02-15,368.52
2023-02-16,370.02
2023-02-17,369.8
2023-02-22,368.46
2023-02-23,367.03
2023-02-24,367.02
2023-02-27,364.93
2023-02-28,366.41
2023-03-01,368.88
2023-03-02,372.57
2023-03-03,372.31
2023-03-06,372.68
2023-03-07,375.69
2023-03-08,378.96
2023-03-09,387.78
2023-03-10,393.68
2023-03-13,395.5
2023-03-14,391.47
2023-03-15,397.07
2023-03-16,400.62
2023-03-17,403.57
2023-03-20,401.36
2023-03-21,399.62
2023-03-22,397.17
2023-03-23,390.19
2023-03-27,392.58
2023-03-28,390.63
2023-03-29,395.89
2023-03-30,402.79
2023-03-31,406.54
2023-04-03,406.77
2023-04-04,409.82
2023-04-05,408.24
2023-04-10,403.17
2023-04-11,398.97
2023-04-12,398.31
2023-04-13,402.14
2023-04-14,404.88
2023-04-17,409.04
2023-04-18,425.9
2023-04-19,429.65
2023-04-20,435.74
2023-04-21,455.11
2023-04-24,462.35
2023-04-25,465.97
2023-04-26,469.32
2023-04-27,457.29
2023-04-28,453.16
2023-05-02,459.89
2023-05-03,448.51
2023-05-04,448.21
2023-05-05,456.03
2023-05-08,457.76
2023-05-09,453.3
2023-05-10,451.06
2023-05-11,453.96
2023-05-12,469.15
2023-05-15,472.71
2023-05-16,481.69
2023-05-17,483.73
2023-05-18,495.86
2023-05-19,493.16
2023-05-22,493.5
2023-05-23,495.11
2023-05-24,492.32
2023-05-29,497.59
2023-05-30,486.83
2023-05-31,492.42
2023-06-01,496.58
2023-06-02,497.22
2023-06-05,495.88
2023-06-06,494.69
2023-06-07,493.57
2023-06-08,499.01
2023-06-09,500.33
2023-06-12,501.29
2023-06-13,500.91
2023-06-14,501.6
2023-06-15,506.61
2023-06-16,506.69
2023-06-21,507.04
2023-06-22,511.2
2023-06-23,520.02
2023-06-26,510.41
2023-06-27,509.74
2023-06-28,503.55
2023-06-29,505.66
2023-06-30,512.04
2023-07-03,508.87
2023-07-04,512.46
2023-07-05,510.08
2023-07-06,515.11
2023-07-07,516.65
2023-07-10,513.57
2023-07-11,513.99
2023-07-12,515.75
2023-07-13,525.97
2023-07-14,540.39
2023-07-17,533.71
2023-07-18,527.37
2023-07-19,528.27
2023-07-20,530.37
2023-07-21,533.87
2023-07-24,535.66
2023-07-25,540.84
2023-07-26,541.99
2023-07-27,544.92
2023-07-28,546.98
2023-07-31,551.27
2023-08-01,560.22
2023-08-02,568.59
2023-08-03,576.7
2023-08-04,585.41
2023-08-07,597.73
2023-08-08,597.3
2023-08-09,591.79
2023-08-10,598.74
2023-08-11,601.44
2023-08-14,655.06
2023-08-15,702.17
2023-08-16,722.92
2023-08-17,743.44
2023-08-18,746.14
2023-08-22,745.63
2023-08-23,746.72
2023-08-24,761.48
2023-08-25,770.24
2023-08-28,787.36
2023-08-29,802.48
2023-08-30,798.58
2023-08-31,780.54
2023-09-01,767.75
2023-09-04,769.98
2023-09-05,761.35
2023-09-06,762.84
2023-09-07,738.69
2023-09-08,741.21
2023-09-11,736.16
2023-09-12,739.15
2023-09-13,741.06
2023-09-14,742.47
2023-09-15,740.08
2023-09-18,734.31
2023-09-19,737.84
2023-09-20,742.81
2023-09-21,748.87
2023-09-22,752.82
2023-09-25,761.71
2023-09-26,775.52
2023-09-27,789.68
2023-09-28,818.85
2023-09-29,822.53
2023-10-02,829.67
2023-10-03,837.87
2023-10-04,904.66
2023-10-05,893.71
2023-10-06,892.12
2023-10-09,881.52
2023-10-10,953.91
2023-10-11,944.94
2023-10-12,966.96
2023-10-17,962.69
2023-10-18,952.59
2023-10-19,956.72
2023-10-20,1110.59
2023-10-23,935.19
2023-10-24,887.72
2023-10-25,888.99
2023-10-26,872.62
2023-10-27,856.85
2023-10-30,853.07
2023-10-31,864.84
2023-11-01,882.97
2023-11-02,883.21
2023-11-03,868.08
2023-11-07,857.82
2023-11-08,823.26
2023-11-09,871.56
2023-11-10,876.63
2023-11-13,877.44
2023-11-14,875.59
2023-11-15,872.97
2023-11-16,869.42
2023-11-17,876.27
2023-11-21,880.33
2023-11-22,947.16
2023-11-23,962.0
2023-11-24,924.24
2023-11-27,858.58
2023-11-28,849.27
2023-11-29,819.64
2023-11-30,834.4
2023-12-01,904.67
2023-12-04,891.01
2023-12-05,909.52
2023-12-06,937.2
2023-12-07,991.66
2023-12-11,999.7
2023-12-12,1031.56
2023-12-13,1009.01
2023-12-14,1014.73
2023-12-15,993.16
2023-12-18,946.33
2023-12-19,948.75
2023-12-20,946.67
2023-12-21,943.74
2023-12-22,941.96
2023-12-26,901.94
2023-12-27,869.78
2023-12-28,944.3
2023-12-29,973.15
2024-01-02,996.61
2024-01-03,1048.82
2024-01-04,1090.91
2024-01-05,1140.44
2024-01-08,1201.55
2024-01-09,1193.5
2024-01-10,1182.72
2024-01-11,1148.09
2024-01-12,1136.65
2024-01-15,1164.6
2024-01-16,1213.74
2024-01-17,1273.34
2024-01-18,1282.58
2024-01-19,1306.16
2024-01-22,1312.49
2024-01-23,1285.71
2024-01-24,1304.7
2024-01-25,1281.95
2024-01-26,1231.09
2024-01-29,1263.18
2024-01-30,1269.37
2024-01-31,1248.95
2024-02-01,1280.42
2024-02-02,1288.36
2024-02-05,1294.93
2024-02-06,1249.42
2024-02-07,1263.67
2024-02-08,1246.57
2024-02-09,1229.01
2024-02-14,1174.95
2024-02-15,1153.96
2024-02-16,1112.9
2024-02-19,1143.92
2024-02-20,1130.07
2024-02-21,1114.22
2024-02-22,1094.85
2024-02-23,1114.71
2024-02-26,1098.25
2024-02-27,1087.26
2024-02-28,1072.1
2024-02-29,1071.73
2024-03-01,1089.95
2024-03-04,1065.88
2024-03-05,1042.21
2024-03-06,1022.5
2024-03-07,1029.27
2024-03-08,1048.98
2024-03-11,1021.75
2024-03-12,1067.23
2024-03-13,1053.42
2024-03-14,1060.45
2024-03-15,1067.97
2024-03-18,1080.99
2024-03-19,1083.6
2024-03-20,1097.82
2024-03-21,1099.02
2024-03-22,1096.17
2024-03-25,1079.64
2024-03-26,1101.71
2024-03-27,1085.7
2024-04-03,1069.53
2024-04-04,1057.04
2024-04-05,1048.61
2024-04-08,1034.67
2024-04-09,1046.55
2024-04-10,1045.49
2024-04-11,1048.9
2024-04-12,1047.36
2024-04-15,1074.13
2024-04-16,1075.44
2024-04-17,1062.34
2024-04-18,1065.74
2024-04-19,1068.81
2024-04-22,1058.46
2024-04-23,1051.95
2024-04-24,1053.98
2024-04-25,1081.23
2024-04-26,1085.07
2024-04-29,1090.83
2024-04-30,1091.95
2024-05-02,1120.38
2024-05-03,1121.12
2024-05-06,1108.66
2024-05-07,1094.7
2024-05-08,1076.45
2024-05-09,1083.85
2024-05-10,1078.41
2024-05-13,1075.73
2024-05-14,1084.51
2024-05-15,1092.63
2024-05-16,1099.3
2024-05-17,1104.04
2024-05-20,1142.72
2024-05-21,1196.31
2024-05-22,1256.19
2024-05-23,1256.24
2024-05-24,1234.76
2024-05-27,1244.56
2024-05-28,1233.95
2024-05-29,1214.34
2024-05-30,1213.09
2024-05-31,1247.42
2024-06-03,1297.47
2024-06-04,1311.19
2024-06-05,1304.36
2024-06-06,1296.88
2024-06-07,1313.02
2024-06-10,1307.44
2024-06-11,1305.74
2024-06-12,1301.69
2024-06-13,1274.41
2024-06-14,1267.39
2024-06-18,1263.97
2024-06-19,1291.63
2024-06-24,1313.9
2024-06-25,1312.66
2024-06-26,1341.33
2024-06-27,1345.17
2024-06-28,1350.08
2024-07-01,1412.26
2024-07-02,1428.27
2024-07-03,1394.4
2024-07-04,1398.43
2024-07-05,1391.94
2024-07-08,1386.59
2024-07-10,1390.66
2024-07-11,1414.42
2024-07-12,1428.57
2024-07-15,1306.97
2024-07-16,1285.59
2024-07-17,1309.23
2024-07-18,1332.64
2024-07-19,1328.69
2024-07-22,1329.71
2024-07-23,1337.36
2024-07-24,1335.28
2024-07-25,1330.03
2024-07-26,1318.05
2024-07-29,1294.33
2024-07-30,1265.14
2024-07-31,1284.84
2024-08-01,1302.24
2024-08-02,1321.58
2024-08-05,1338.11
2024-08-06,1340.93
2024-08-07,1327.42
2024-08-08,1311.29
2024-08-09,1297.68
2024-08-12,1281.72
2024-08-13,1267.16
2024-08-14,1268.59
2024-08-15,1276.4
2024-08-16,1291.92
2024-08-19,1286.6
2024-08-20,1290.0
2024-08-21,1286.47
2024-08-22,1285.52
2024-08-23,1286.0
2024-08-26,1289.88
2024-08-27,1293.71
2024-08-28,1292.68
2024-08-29,1289.04
2024-08-30,1298.81
2024-09-02,1295.36
2024-09-03,1302.9
2024-09-04,1293.76
2024-09-05,1271.6
2024-09-06,1258.08
2024-09-09,1245.65
2024-09-10,1249.13
2024-09-11,1245.08
2024-09-12,1260.0
2024-09-13,1253.33
2024-09-16,1244.8
2024-09-17,1241.3
2024-09-18,1233.45
2024-09-19,1217.79
2024-09-20,1219.64
2024-09-23,1226.82
2024-09-24,1223.19
2024-09-25,1228.13
2024-09-26,1227.24
2024-09-27,1232.76
2024-09-30,1243.74
2024-10-01,1246.34
2024-10-02,1233.98
2024-10-03,1231.92
2024-10-04,1225.59
2024-10-07,1217.21
2024-10-08,1210.61
2024-10-09,1191.25
2024-10-10,1176.9
2024-10-14,1181.76
2024-10-15,1179.98
2024-10-16,1190.31
2024-10-17,1180.0
2024-10-18,1195.0
2024-10-21,1195.1
2024-10-22,1195.1
2024-10-23,1183.65
2024-10-24,1179.42
2024-10-25,1163.7
2024-10-28,1154.94
2024-10-29,1155.43
2024-10-30,1158.6
2024-10-31,1157.94
2024-11-01,1176.74
2024-11-04,1176.85
2024-11-05,1181.73
2024-11-06,1167.58
2024-11-07,1166.35
2024-11-08,1159.65
2024-11-11,1162.01
2024-11-12,1164.95
2024-11-13,1156.75
2024-11-14,1157.07
2024-11-15,1134.15
2024-11-19,1104.41
2024-11-20,1111.29
2024-11-21,1111.59
2024-11-22,1106.85
2024-11-25,1104.77
2024-11-26,1107.67
2024-11-27,1105.85
2024-11-28,1107.79
2024-11-29,1109.94
2024-12-02,1099.42
2024-12-03,1107.92
2024-12-04,1101.11
2024-12-05,1088.68
2024-12-06,1075.48
2024-12-09,1072.28
2024-12-10,1074.95
2024-12-11,1071.6
2024-12-12,1067.12
2024-12-13,1095.31
2024-12-16,1119.1
2024-12-17,1151.42
2024-12-18,1163.48
2024-12-19,1160.93
2024-12-20,1167.07
2024-12-23,1166.24
2024-12-24,1173.62
2024-12-26,1188.67
2024-12-27,1182.95
2024-12-30,1186.93
2025-01-02,1174.4
2025-01-03,1184.21
2025-01-06,1186.07
2025-01-07,1185.49
2025-01-08,1184.98
2025-01-09,1184.98
2025-01-10,1187.16
2025-01-13,1196.27
2025-01-14,1188.75
2025-01-15,1193.95
2025-01-16,1180.72
2025-01-17,1188.01
2025-01-20,1195.98
2025-01-21,1187.52
2025-01-22,1189.71
2025-01-23,1188.44
2025-01-24,1162.79
2025-01-27,1178.17
2025-01-28,1176.64
2025-01-29,1183.75
2025-01-30,1178.77
2025-01-31,1185.41
2025-02-03,1195.74
2025-02-04,1198.74
2025-02-05,1200.1
2025-02-06,1199.49
2025-02-07,1202.22
2025-02-10,1183.19
2025-02-11,1185.28
2025-02-12,1184.33
2025-02-13,1188.85
2025-02-14,1197.91
2025-02-17,1210.61
2025-02-18,1212.89
2025-02-19,1207.72
2025-02-20,1211.81
2025-02-21,1219.34
2025-02-24,1212.99
2025-02-25,1208.21
2025-02-26,1219.99
2025-02-27,1224.07
2025-02-28,1219.98
2025-03-05,1241.44
2025-03-06,1227.65
2025-03-07,1219.73
2025-03-10,1231.63
2025-03-11,1226.42
2025-03-12,1229.63
2025-03-13,1233.48
2025-03-14,1239.88
2025-03-17,1254.99
2025-03-18,1299.01
2025-03-19,1291.86
2025-03-20,1283.89
2025-03-21,1286.95
2025-03-25,1297.05
2025-03-26,1299.63
2025-03-27,1298.77
2025-03-28,1309.15
2025-03-31,1319.46
2025-04-01,1307.92
2025-04-03,1320.37
2025-04-04,1337.05
2025-04-07,1360.25
2025-04-08,1368.39
2025-04-09,1342.03
2025-04-10,1367.3
2025-04-11,1340.47
2025-04-14,1256.04
2025-04-15,1242.0
2025-04-16,1177.11
2025-04-21,1132.46
2025-04-22,1153.59
2025-04-23,1181.79
2025-04-24,1199.67
2025-04-25,1201.15
2025-04-28,1190.97
2025-04-29,1188.67
2025-04-30,1195.73
2025-05-02,1278.79
2025-05-05,1211.65
2025-05-06,1211.31
2025-05-07,1165.4
2025-05-08,1157.44
2025-05-09,1159.25
2025-05-12,1155.98
2025-05-13,1158.28
2025-05-15,1166.04
2025-05-16,1178.82
2025-05-19,1162.59
2025-05-20,1171.71
2025-05-21,1162.14
2025-05-22,1163.2
2025-05-23,1165.18
2025-05-26,1151.25
2025-05-27,1171.98
2025-05-28,1175.33
2025-05-29,1194.22
2025-05-30,1204.92
2025-05-31,1204.92
2025-06-02,1196.18
2025-06-03,1199.76
2025-06-04,1201.49
2025-06-05,1193.41
2025-06-06,1194.81
2025-06-09,1198.27
2025-06-10,1193.85
2025-06-11,1193.28
2025-06-12,1187.02
2025-06-13,1205.65
2025-06-17,1204.75
2025-06-18,1172.16
2025-06-19,1157.71
2025-06-23,1182.97
2025-06-24,1183.95
2025-06-25,1199.2
2025-06-26,1200.16
2025-06-27,1203.26
2025-06-30,1210.25
2025-07-01,1233.08
2025-07-02,1235.72
2025-07-03,1242.12
2025-07-04,1249.12
